name,organization,homepage,logo,twitter,crunchbase_url,funding,member,relation,tag,license,headquarters,description,crunchbase_description,crunchbase_homepage,crunchbase_city,crunchbase_region,crunchbase_country,crunchbase_twitter,crunchbase_linkedin,crunchbase_ticker,crunchbase_kind,crunchbase_min_employees,crunchbase_max_employees,category,subcategory,oss,github_repo,github_stars,github_description,github_latest_commit_date,github_latest_commit_link,github_latest_release_date,github_latest_release_link,github_start_commit_date,github_start_commit_link,github_contributors_count,github_contributors_link,accepted,incubation,graduated,dev_stats_url,artwork_url,blog_url,mailing_list_url,slack_url,youtube_url,chat_channel,last_audit_date,last_audit_url
A2A (Agent2Agent Protocol),,https://github.com/a2aproject/A2A,logos/ac565d7c94111d4f7a645c73b3341207909ec15ce5b0cad7e0ae11265fb6a430.svg,,,,,,,,,"Ratified, broadly adopted agent interoperability protocols backed by multi-vendor implementations.",,,,,,,,,,,,Tools & Integrations,Standards / Ratified,,,,,,,,,,,,,,,,,,,,,,,,
Abacus Desktop,,https://desktop.abacus.ai/,logos/abb89fcf87323d23376be731607aa4ffde6e6e7fd9a5e71d9b2cd28a961c8f51.svg,,,,,,,,,Hosted remote desktop environments that agents drive via screen/keyboard/mouse — cloud VMs packaged as agent workspaces.,,,,,,,,,,,,Frameworks & Runtimes,Environments / Remote Desktops,,,,,,,,,,,,,,,,,,,,,,,,
Acme,,https://github.com/google-deepmind/acme,logos/5b966dea1c71b5bfaae253e9da637a2c730a4b7fe3d0c27ff3fbf8081abda870.svg,,,,,,,,,"RL frameworks, algorithms, and environments used to train or post-train agentic models.",,,,,,,,,,,,Models & Inference,Models / Reinforcement Learning,,,,,,,,,,,,,,,,,,,,,,,,
Acontext,,https://github.com/memodb-io/Acontext,logos/0967d82f64bd926d3295db8e43820da9b3aec12304f029ad4bea280d3ba205c3.svg,,,,,,,,,Reusable skill/procedure memories that agents can load to perform learned tasks on demand.,,,,,,,,,,,,"Context, Memory & Data",Memory / Skills,,,,,,,,,,,,,,,,,,,,,,,,
Activepieces,,https://github.com/activepieces/activepieces,logos/3b9f5ae913601031e042ee4b275290e1bd4d65d17ad182c43c2d412e5eebe741.svg,,,,,,,,,Open-source automation platforms offering a drag-and-drop graphical flow builder.,,,,,,,,,,,,Builders & Platforms,Automation / Open Source / GUI Based,,,,,,,,,,,,,,,,,,,,,,,,
AdalFlow,,https://github.com/SylphAI-Inc/AdalFlow,logos/3614c5f0924de2eac4a4ee9e7e232cb9db7dc850e92baa074a6763efd2e8ac70.svg,,,,,,,,,"Frameworks that automatically tune, rewrite, or compile prompts from higher-level program specifications.",,,,,,,,,,,,Dev Tools & Skills,Prompts / Prompt Optimisation & Compilation,,,,,,,,,,,,,,,,,,,,,,,,
Aegis,,https://github.com/Justin0504/Aegis,logos/49e6a620e08dbb0bde93efb78ead1c96610b65b3678dcf98437a3142c6871983.svg,,,,,,,,,"Runtime components that evaluate and enforce permission, safety, or governance policies on agent actions.",,,,,,,,,,,,Frameworks & Runtimes,Runtimes / Policy Engines,,,,,,,,,,,,,,,,,,,,,,,,
AG-UI (Agent User Interaction Protocol),,https://docs.ag-ui.com/introduction,logos/cc124bb9a07486726b9d10164e13e5fd5c668531730f846a9d595ec30d9c96c9.svg,,,,,,,,,"Ratified, broadly adopted agent interoperability protocols backed by multi-vendor implementations.",,,,,,,,,,,,Tools & Integrations,Standards / Ratified,,,,,,,,,,,,,,,,,,,,,,,,
agen.cy Marketplace,,https://marketplace.agen.cy/,logos/42128d06eaed78e4ee32ecb21f72e726500cec3a3ea5568ce50d47ee697e7000.svg,,,,,,,,,"Marketplaces where agents and their actions are listed, discovered, and transacted by other agents or humans.",,,,,,,,,,,,Tools & Integrations,Actions / Marketplaces,,,,,,,,,,,,,,,,,,,,,,,,
Agency Agents,,https://github.com/msitarzewski/agency-agents,logos/97a8c44c305f845000689fb7f235a291dde6744cd6feffa3ea22030957832cce.svg,,,,,,,,,Holding pen for items awaiting classification into the taxonomy.,,,,,,,,,,,,Ecosystem,Uncategorized,,,,,,,,,,,,,,,,,,,,,,,,
Agent Browser,,https://github.com/vercel-labs/agent-browser,logos/3b964fac3b3c80952d1ae83b0990e950ffe0af6a1056297b9da1414dbab6f238.svg,,,,,,,,,"Libraries and helpers layered on browser automation stacks to make them agent-friendly (DOM extraction, action planning).",,,,,,,,,,,,Tools & Integrations,Actions / Browser Tooling,,,,,,,,,,,,,,,,,,,,,,,,
Agent Deck,,https://github.com/asheshgoplani/agent-deck,logos/05ba33a9cc63071b357d5cfef8fe21f3a0a7733eb9afe48143b6f9eb1d93f08e.svg,,,,,,,,,Text-based interactive frontends combining terminal UIs with command-line invocation.,,,,,,,,,,,,Interfaces,Frontends / TUIs and CLIs,,,,,,,,,,,,,,,,,,,,,,,,
Agent Device,,https://github.com/callstackincubator/agent-device,logos/3614c5f0924de2eac4a4ee9e7e232cb9db7dc850e92baa074a6763efd2e8ac70.svg,,,,,,,,,Agent runtimes targeting Android handsets and tablets as the execution surface.,,,,,,,,,,,,Builders & Platforms,On Device Agents / Android,,,,,,,,,,,,,,,,,,,,,,,,
Agent Inbox,,https://github.com/langchain-ai/agent-inbox,logos/b8844550126696df728798d295a26aa5cff40fa739d6b76051ce1e8abfef47a8.svg,,,,,,,,,"UX patterns and inboxes letting humans review, approve, or correct agent actions mid-run.",,,,,,,,,,,,Interfaces,UX / Human in the Loop,,,,,,,,,,,,,,,,,,,,,,,,
Agent Lightning,,https://github.com/microsoft/agent-lightning,logos/908e689bb38a688ee4dc4d919385164fec8dcf8710b4e59e77b60a12845827c4.svg,,,,,,,,,Training and fine-tuning frameworks aimed at producing agent-capable models.,,,,,,,,,,,,Models & Inference,Models / Trainers,,,,,,,,,,,,,,,,,,,,,,,,
Agent Orchestrator,,https://github.com/ComposioHQ/agent-orchestrator,logos/70aae6439894deaad291f08f376e422a7f34380bde9f96a186bbf96fdee6908b.svg,,,,,,,,,"Coordination layers that route tasks across multiple agents, models, or workers — the conductor rather than the individual performer.",,,,,,,,,,,,Frameworks & Runtimes,Orchestration,,,,,,,,,,,,,,,,,,,,,,,,
Agent Passport,,https://agentpassport.com/,logos/ac565d7c94111d4f7a645c73b3341207909ec15ce5b0cad7e0ae11265fb6a430.svg,,,,,,,,,"Protocols establishing verifiable identity, credentials, and authority for autonomous agents acting on behalf of users.",,,,,,,,,,,,Safety & Governance,Identity and Auth / Agent Identity Protocols,,,,,,,,,,,,,,,,,,,,,,,,
Agent Skills,,https://github.com/addyosmani/agent-skills,logos/b855931a8c34107245eb81d65edc2a3fab458af76536d4088224da3bda2f245b.svg,,,,,,,,,"Packaged, reusable agent skills—capability bundles with guides, registries, and interoperability standards.",,,,,,,,,,,,Dev Tools & Skills,Skills,,,,,,,,,,,,,,,,,,,,,,,,
Agent Skills (tech-leads-club),,https://github.com/tech-leads-club/agent-skills,logos/5b966dea1c71b5bfaae253e9da637a2c730a4b7fe3d0c27ff3fbf8081abda870.svg,,,,,,,,,Indexes and directories for discovering published agent skills across sources.,,,,,,,,,,,,Dev Tools & Skills,Skills / Registries,,,,,,,,,,,,,,,,,,,,,,,,
Agent Squad,,https://github.com/awslabs/agent-squad,logos/ee01709fa97bab18015186ee5c6496b9295a1ad969619edc2d92de7f8e0bdc05.svg,,,,,,,,,"Orchestration frameworks tied to a specific cloud, vendor, or platform ecosystem.",,,,,,,,,,,,Frameworks & Runtimes,Orchestration / Platform-Specific,,,,,,,,,,,,,,,,,,,,,,,,
Agent UI,,https://github.com/agno-agi/agent-ui,logos/704c72d4df9a7f4cdef2a4e99a80f5f33a763a3c8a8c639e901b3f526d0379ac.svg,,,,,,,,,Chat-style frontends that render agent conversations as threaded message UIs.,,,,,,,,,,,,Interfaces,Frontends / Chat UIs,,,,,,,,,,,,,,,,,,,,,,,,
agent-os,,https://github.com/rivet-dev/agent-os,logos/91d935c9602a4741d9c30f7a5139c92d9aca313795d32ce7419b598c551f9398.svg,,,,,,,,,"Operating-system-style environments purpose-built as agent hosts, where the OS itself exposes primitives for agent perception and action.",,,,,,,,,,,,Frameworks & Runtimes,Environments / OS,,,,,,,,,,,,,,,,,,,,,,,,
Agent-Reach,,https://github.com/Panniantong/Agent-Reach,logos/28b6035d891722513a2a85b4da814d4735fffa47d0e2873b12d935c5101be8fd.svg,,,,,,,,,Pipelines that pull documents from sources and prepare them for embedding and indexing in a RAG stack.,,,,,,,,,,,,"Context, Memory & Data",Data / RAG / Ingestion,,,,,,,,,,,,,,,,,,,,,,,,
Agent-S,,https://github.com/simular-ai/Agent-S,logos/855f5de82fb9c2b5aa33ccf511c0e4423a4c4f7a901b215834a49fa3b8099084.svg,,,,,,,,,"Frameworks specialized for computer-use agents — primitives for screen observation, GUI control, and desktop task loops.",,,,,,,,,,,,Frameworks & Runtimes,Frameworks / Computer Use,,,,,,,,,,,,,,,,,,,,,,,,
agent-scan,,https://github.com/snyk/agent-scan,logos/ee01709fa97bab18015186ee5c6496b9295a1ad969619edc2d92de7f8e0bdc05.svg,,,,,,,,,"Security tooling for agent systems — sandboxing, red-teaming, control planes, and automated defense.",,,,,,,,,,,,Safety & Governance,Security,,,,,,,,,,,,,,,,,,,,,,,,
agent.ai,,https://agent.ai/,logos/afd89805c88ea90cc66384fffcf498b943eb3c8618b13932fcbd8e23df9af029.svg,,,,,,,,,Open networks where agents from different authors or vendors can be discovered and invoked.,,,,,,,,,,,,Agents,Networks,,,,,,,,,,,,,,,,,,,,,,,,
Agentation,,https://github.com/benjitaylor/agentation,logos/886fb8d4c9e3943dc5311fc6032aa4b85fbb1a5ab2ff8a20ff3fe5a00c6d19de.svg,,,,,,,,,Shaping user or tool feedback into prompts so models incorporate it reliably on the next turn.,,,,,,,,,,,,Dev Tools & Skills,Prompts / Feedback Formatting,,,,,,,,,,,,,,,,,,,,,,,,
AgentBench,,https://github.com/THUDM/AgentBench,logos/80f609e6260d296d0dcf4ef4059fdeede5a5dd2dd804a056b297175fcb109122.svg,,,,,,,,,"Benchmarks measuring broad, open-ended assistant capability across mixed reasoning, tool-use, and knowledge tasks.",,,,,,,,,,,,Observability & Evals,Benchmarks / General Assistant Benchmarks,,,,,,,,,,,,,,,,,,,,,,,,
AgentChattr,,https://github.com/bcurts/agentchattr,logos/fd6e5552bb58c7ccd69d7d50350ba08d826f7f073cb7774e34718f06cfb0d210.svg,,,,,,,,,"Protocols, channels, and libraries that let independent agents address and message one another directly.",,,,,,,,,,,,Agents,Agent to Agent,,,,,,,,,,,,,,,,,,,,,,,,
AgentForge,,https://github.com/DataBassGit/AgentForge,logos/2c9540aebdd3af86f76fd07fdf677b5986d0a287d4107d584df280de4ec36ee4.svg,,,,,,,,,Programming-model libraries and SDKs for building agents — the code-facing abstractions developers import to define agent behavior.,,,,,,,,,,,,Frameworks & Runtimes,Frameworks,,,,,,,,,,,,,,,,,,,,,,,,
AgentGateway,,https://github.com/agentgateway/agentgateway,logos/be38f5900ccedf2f025933012682ea8d402771a2cb96b1ee6371b6804e71b073.svg,,,,,,,,,"Unified LLM gateway proxies exposing many providers behind one API with auth, logging, and rate limiting.",,,,,,,,,,,,Models & Inference,Inference / Proxy / Gateways,,,,,,,,,,,,,,,,,,,,,,,,
AgentGuard,,https://github.com/GoPlusSecurity/agentguard,logos/afd89805c88ea90cc66384fffcf498b943eb3c8618b13932fcbd8e23df9af029.svg,,,,,,,,,"Security tooling for agent systems — sandboxing, red-teaming, control planes, and automated defense.",,,,,,,,,,,,Safety & Governance,Security,,,,,,,,,,,,,,,,,,,,,,,,
Agentic AI Industry Foundation (AAIF),,https://aaif.io/,logos/3c922f4a5a05bb3b74226233855af22c0de8ff6188233a435149bb584b12d0d3.svg,,,,,,,,,"Non-profit foundations supporting agentic AI standards, research, or community.",,,,,,,,,,,,Ecosystem,Organisations / Foundations,,,,,,,,,,,,,,,,,,,,,,,,
Agentic Context Engine,,https://github.com/kayba-ai/agentic-context-engine,logos/57b3a0a7f4f13670ca4210205362c14e0e232fe20628f20c1bdab06d6fa9ab0f.svg,,,,,,,,,Memory systems that iteratively refine or compress prior context through feedback loops.,,,,,,,,,,,,"Context, Memory & Data",Memory / Regressive,,,,,,,,,,,,,,,,,,,,,,,,
Agentic Flow,,https://github.com/ruvnet/agentic-flow,logos/1b6cf07c6e58303cc95bbf4fa0117c4e298b0a0399077bc454306a82a3fed211.svg,,,,,,,,,Capability-aware routers that classify prompts and dispatch to the best-suited model.,,,,,,,,,,,,Models & Inference,Inference / Routers / Intelligent,,,,,,,,,,,,,,,,,,,,,,,,
AgentKit,,https://github.com/coinbase/agentkit,logos/2c9540aebdd3af86f76fd07fdf677b5986d0a287d4107d584df280de4ec36ee4.svg,,,,,,,,,"Toolkits giving agents financial capabilities — wallets, payment rails, and transaction execution.",,,,,,,,,,,,Tools & Integrations,Actions / Financial Tools,,,,,,,,,,,,,,,,,,,,,,,,
AgentMemory,,https://github.com/rohitg00/agentmemory,logos/377b8de4b342daf9ad45a50f2804f004cb3d2f90beb57b60179bc88ab0d5b4c7.svg,,,,,,,,,"Persistent memory systems that let agents remember across sessions, users, and time.",,,,,,,,,,,,"Context, Memory & Data",Memory,,,,,,,,,,,,,,,,,,,,,,,,
AgentOps,,https://github.com/AgentOps-AI/agentops,logos/ce6ec09d3ed95c6c7606b2cb5910c3e86b5dad8e63cd6cb1a6b2b6825e3567c7.svg,,,,,,,,,"Tracking token spend, API costs, and budget alerts across models, agents, and tenants.",,,,,,,,,,,,Observability & Evals,Operations / Cost Monitoring,,,,,,,,,,,,,,,,,,,,,,,,
AgentOps Replay,,https://github.com/AgentOps-AI/agentops,logos/d099734686baad66fdaae7c3d49e99d97b401f3835647543998c0dc80699de45.svg,,,,,,,,,"Tools that replay captured agent traces step-by-step, letting developers branch, rewind, and re-run from any point.",,,,,,,,,,,,Observability & Evals,Evals and Experiment Tracking / Trace Replay & Time-Travel Debugging,,,,,,,,,,,,,,,,,,,,,,,,
AgentRC,,https://github.com/microsoft/agentrc,logos/c36b66b0f8df74398e554d05a8df22755fdeb33d6c731e2b266d60cd7f85b2ae.svg,,,,,,,,,Tools that perform repository-wide refactors and structural rewrites using LLM-guided transformations.,,,,,,,,,,,,Dev Tools & Skills,Dev Tools / Repo Refactoring,,,,,,,,,,,,,,,,,,,,,,,,
AgentSkills,,https://github.com/agentskills/agentskills,logos/377b8de4b342daf9ad45a50f2804f004cb3d2f90beb57b60179bc88ab0d5b4c7.svg,,,,,,,,,"Open specifications defining how agent skills are authored, packaged, and loaded.",,,,,,,,,,,,Dev Tools & Skills,Skills / Standards,,,,,,,,,,,,,,,,,,,,,,,,
AgentsMesh,,https://github.com/AgentsMesh/AgentsMesh,logos/be38f5900ccedf2f025933012682ea8d402771a2cb96b1ee6371b6804e71b073.svg,,,,,,,,,"Multi-agent workspace environments where users manage, converse with, and orchestrate several agents in one place.",,,,,,,,,,,,Interfaces,Workspaces,,,,,,,,,,,,,,,,,,,,,,,,
AgentTorch,,https://github.com/AgentTorch/AgentTorch,logos/377b8de4b342daf9ad45a50f2804f004cb3d2f90beb57b60179bc88ab0d5b4c7.svg,,,,,,,,,Frameworks for running multi-agent experiments at population scale — thousands to millions of agents.,,,,,,,,,,,,Agents,Multiagent / Large Scale Experiments,,,,,,,,,,,,,,,,,,,,,,,,
AgentVerse,,https://github.com/Peiiii/AgentVerse,logos/68074d6aad0bb28fd836e1c5017be248a1383c7114c940a834c2f6b4865eb88c.svg,,,,,,,,,"Environments where multiple agents cooperate on shared tasks via roles, dialogue, or negotiation.",,,,,,,,,,,,Agents,Agent Collaboration,,,,,,,,,,,,,,,,,,,,,,,,
AI Agent Store,,https://aiagentstore.ai/,logos/add5ee4101ef416589a03f2dd74c6001a5026db4a9745d8bda1941b2aad1b558.svg,,,,,,,,,"Marketplaces where agents and their actions are listed, discovered, and transacted by other agents or humans.",,,,,,,,,,,,Tools & Integrations,Actions / Marketplaces,,,,,,,,,,,,,,,,,,,,,,,,
AI Data Science Team,,https://github.com/business-science/ai-data-science-team,logos/b4e53a27543dd2bb1f5426cf811b6c3e5d798b08b2d1f24d488282f0546ee2d6.svg,,,,,,,,,Pre-configured agent teams targeting a specific workflow such as data science or research.,,,,,,,,,,,,Agents,Teams,,,,,,,,,,,,,,,,,,,,,,,,
AI Maestro,,https://github.com/23blocks-OS/ai-maestro,logos/54c5daddd58791b4e0a3ef46b6791f849d1371e7736f520df898f0cb7cabfbe8.svg,,,,,,,,,"Coordination layers that route tasks across multiple agents, models, or workers — the conductor rather than the individual performer.",,,,,,,,,,,,Frameworks & Runtimes,Orchestration,,,,,,,,,,,,,,,,,,,,,,,,
AI Town,,https://github.com/a16z-infra/ai-town,logos/b235fcbdd5fcc603357e3965fed5c6faf7b2e944077693c478714172ddbe0fc7.svg,,,,,,,,,"Starter kits for building multi-agent social simulations with personas, worlds, and interactions.",,,,,,,,,,,,Frameworks & Runtimes,Starter Kits / Social Simulations,,,,,,,,,,,,,,,,,,,,,,,,
AI-Trader,,https://github.com/HKUDS/AI-Trader,logos/271924cb3635adbfb5471e1cdc913d2f35ec72665ed04417e6e7c3ef96bc272d.svg,,,,,,,,,Autonomous agents that execute financial trading strategies end-to-end.,,,,,,,,,,,,Agents,Autonomous / Trading,,,,,,,,,,,,,,,,,,,,,,,,
AICGSecEval,,https://github.com/Tencent/AICGSecEval,logos/baa09aba9140f1b446ba124356da95bbffadb127769da81376dc3377b3f55814.svg,,,,,,,,,Standardized task suites and datasets used to score agent or LLM capability under controlled conditions.,,,,,,,,,,,,Observability & Evals,Benchmarks,,,,,,,,,,,,,,,,,,,,,,,,
Aider,,https://github.com/Aider-AI/aider,logos/3754b4a8bb5ed2cf002d110784108cbf95807b055a5171cef129aa0c16e02707.svg,,,,,,,,,"Autonomous software-engineering harnesses that drive an LLM through multi-step code edits, runs, and tests.",,,,,,,,,,,,Dev Tools & Skills,Dev Tools / Coding Agent SWE Harnesses,,,,,,,,,,,,,,,,,,,,,,,,
AIOpsLab,,https://github.com/microsoft/AIOpsLab,logos/b8844550126696df728798d295a26aa5cff40fa739d6b76051ce1e8abfef47a8.svg,,,,,,,,,Programming-model libraries and SDKs for building agents — the code-facing abstractions developers import to define agent behavior.,,,,,,,,,,,,Frameworks & Runtimes,Frameworks,,,,,,,,,,,,,,,,,,,,,,,,
Airweave,,https://github.com/airweave-ai/airweave,logos/2ef55c7d44e07aa8f569099b1e04faf7ae91bd8fbbb55a3b31851ed601f823d4.svg,,,,,,,,,"Retrieval-Augmented Generation stacks: engines, ingestion, rerankers, and KG builders that feed LLMs.",,,,,,,,,,,,"Context, Memory & Data",Data / RAG,,,,,,,,,,,,,,,,,,,,,,,,
AIUC-1,,https://www.aiuc-1.com/,logos/c50e84911ce114c8515f5d3155a9153569aeb12ca0238d9a66cd9fc600cec197.svg,,,,,,,,,Proposed agent-ecosystem standards still in draft — not yet widely implemented or ratified.,,,,,,,,,,,,Tools & Integrations,Standards / Proposed,,,,,,,,,,,,,,,,,,,,,,,,
Anchor Browser,,https://anchorbrowser.io/,logos/d50de16fb7f14492a80c1d513c6a8c1caeb9c0268f12ed61d9e65e6d7ebe1aed.svg,,,,,,,,,"Hosted browser infrastructure providing managed sessions, proxies, and captchas for agent automation at scale.",,,,,,,,,,,,Tools & Integrations,Actions / Browser Automation / Cloud Browser Infrastructure,,,,,,,,,,,,,,,,,,,,,,,,
AP2 (Agent Payments Protocol),,https://github.com/google-agentic-commerce/AP2,logos/fbb51d41ab5f6d1846a8658d5c7b899527726a3866a22dc2dc71b7fe3f5256ab.svg,,,,,,,,,"Protocols establishing verifiable identity, credentials, and authority for autonomous agents acting on behalf of users.",,,,,,,,,,,,Safety & Governance,Identity and Auth / Agent Identity Protocols,,,,,,,,,,,,,,,,,,,,,,,,
Arcade.dev,,https://www.arcade.dev/,logos/fbcacf1c15ce19412ad995978146c101ea162dd13b5e213748c71a78a2bd4ce0.svg,,,,,,,,,"Hosted proxies that handle OAuth, credentials, and tool invocation on behalf of agents across many SaaS APIs.",,,,,,,,,,,,Tools & Integrations,Actions / Authenticated Tool Proxies,,,,,,,,,,,,,,,,,,,,,,,,
AutoGen,,https://github.com/microsoft/autogen,logos/c662718098408e4fb4b2fe36a3379fc6655288fc58d86d43a75b4115c9595324.svg,,,,,,,,,Programming-model libraries and SDKs for building agents — the code-facing abstractions developers import to define agent behavior.,,,,,,,,,,,,Frameworks & Runtimes,Frameworks,,,,,,,,,,,,,,,,,,,,,,,,
BAML,,https://github.com/BoundaryML/baml,logos/3ccf87b1c0ea344bae02af9f2c8556d7a9ebd1a08717fd62ce5ec55550eb860c.svg,,,,,,,,,"Gateways that enforce typed, schema-valid outputs from LLMs via constrained decoding, grammars, or retry loops.",,,,,,,,,,,,Models & Inference,Inference / Structured Output Gateways,,,,,,,,,,,,,,,,,,,,,,,,
BankrBot Skills,,https://github.com/BankrBot/skills,logos/07c3cf67e4249a4431dc4598b91e286a8dbb3291e3d5739c14de392ce177ec04.svg,,,,,,,,,"Tools where an agent generates, configures, or spawns new agents autonomously.",,,,,,,,,,,,Agents,Autonomous Agent Creation,,,,,,,,,,,,,,,,,,,,,,,,
be-more-agent,,https://github.com/brenpoly/be-more-agent,logos/9de01ac1ea896a79cf1421070bbffef6a6d2c9fc1ed11d012d8f3f2d467fb625.svg,,,,,,,,,Agent runtimes for single-board computers like Raspberry Pi and similar edge hardware.,,,,,,,,,,,,Builders & Platforms,On Device Agents / SBCs,,,,,,,,,,,,,,,,,,,,,,,,
Biomni,,https://github.com/snap-stanford/Biomni,logos/fd07f7fe5f12337c581d2a2b4691243c88a28b1574800a41447e7effa755e2fa.svg,,,,,,,,,Agents tailored to biotech and life-sciences research workflows.,,,,,,,,,,,,Agents,Domain Specific / Biotech,,,,,,,,,,,,,,,,,,,,,,,,
Bolna,,https://github.com/bolna-ai/bolna,logos/01a3c4174825432167532d3da868fe1dd706bce316c8bfb98e92326a05e06795.svg,,,,,,,,,"Voice action tools letting agents place calls, speak, and handle telephony-grade audio interactions.",,,,,,,,,,,,Tools & Integrations,Actions / Voice,,,,,,,,,,,,,,,,,,,,,,,,
BotSharp,,https://github.com/SciSharp/BotSharp,logos/7fcc7a9a54cf64f032efc9e1c0c867e31e2fd63c24bf164bbecf2c6ace53dd09.svg,,,,,,,,,.NET-ecosystem agent frameworks — C#/F# libraries for building agents on the .NET runtime.,,,,,,,,,,,,Frameworks & Runtimes,Frameworks / .NET,,,,,,,,,,,,,,,,,,,,,,,,
Braintrust,,https://www.braintrust.dev/,logos/3e88632f1280fa3907d0990ad429bd0d8e8d5063f0234d8a8be1179a9712da93.svg,,,,,,,,,"Tools that replay captured agent traces step-by-step, letting developers branch, rewind, and re-run from any point.",,,,,,,,,,,,Observability & Evals,Evals and Experiment Tracking / Trace Replay & Time-Travel Debugging,,,,,,,,,,,,,,,,,,,,,,,,
Browserbase,,https://www.browserbase.com/,logos/2e339a7dd103545aa5f6be24d81129faf375f6793f74e8021d0102d003c18cf7.svg,,,,,,,,,"Hosted browser infrastructure providing managed sessions, proxies, and captchas for agent automation at scale.",,,,,,,,,,,,Tools & Integrations,Actions / Browser Automation / Cloud Browser Infrastructure,,,,,,,,,,,,,,,,,,,,,,,,
BrowserOS,,https://github.com/browseros-ai/BrowserOS,logos/32f5af72b3956ac837790b52db5b92c978621cdd1470aa9f36aaace31fd337ab.svg,,,,,,,,,Full browser products with native AI/agent capabilities built into the user-facing application.,,,,,,,,,,,,Tools & Integrations,Actions / AI Browsers,,,,,,,,,,,,,,,,,,,,,,,,
Bub,,https://github.com/bubbuild/bub,logos/caa855fa74d73bfd441b4598535d0b766132f15c00f71a8f6ff160f13d75c8fd.svg,,,,,,,,,"Agents given a persistent persona, voice, or identity as their primary design feature.",,,,,,,,,,,,Agents,Personification,,,,,,,,,,,,,,,,,,,,,,,,
CAMEL,,https://github.com/camel-ai/camel,logos/051d19fd23c66d9333e37fad787edc2a2a9306b23f3071be96b6d2a630bfdd1a.svg,,,,,,,,,"Frameworks whose core abstraction is a team of cooperating agents — roles, messaging, and group workflows as first-class primitives.",,,,,,,,,,,,Frameworks & Runtimes,Frameworks / Multiagent Orchestration,,,,,,,,,,,,,,,,,,,,,,,,
Claude Computer Use Demo,,https://github.com/anthropics/anthropic-quickstarts/tree/main/computer-use-demo,logos/94266427a4dca2c0428a77a8bcd9e6bd539dfa6785df8f17bd6bcd17029b7a89.svg,,,,,,,,,Harnesses that run computer-use agents locally on the user's own machine.,,,,,,,,,,,,Agents,Computer Use / Local Computer-Use Harnesses,,,,,,,,,,,,,,,,,,,,,,,,
ClawRouter,,https://github.com/BlockRunAI/ClawRouter,logos/7e786fef948cdfc753feb43656492772d9e335e0beeeec12798bd5f33b9eed4a.svg,,,,,,,,,Routers specialised for dispatching tool calls to the model best suited to execute them.,,,,,,,,,,,,Models & Inference,Inference / Routers / Tool Specific,,,,,,,,,,,,,,,,,,,,,,,,
cmux,,https://github.com/manaflow-ai/cmux,logos/64376d8c4812a98a3e9ed065936cb00a30890d5b37b5fb9368ec9c81d145db10.svg,,,,,,,,,"macOS-native computer-use runtimes controlling the Mac via AppleScript, accessibility, or native APIs.",,,,,,,,,,,,Tools & Integrations,Actions / Computer Use / Platform Specific / macOS,,,,,,,,,,,,,,,,,,,,,,,,
Cognee,,https://github.com/topoteretes/cognee,logos/0d8439fe452e0b6bb7150abbb66f93e667a4cc747077689d553ef1998d446e19.svg,,,,,,,,,"Persistent memory systems that let agents remember across sessions, users, and time.",,,,,,,,,,,,"Context, Memory & Data",Memory,,,,,,,,,,,,,,,,,,,,,,,,
Cohere Rerank,,https://cohere.com/rerank,logos/046f5b48e15b4c8ad58d2c42acdd109d587173282cbb8d3ca06db84fc2aaa062.svg,,,,,,,,,Models and services that reorder retrieved candidates by relevance before they reach the LLM.,,,,,,,,,,,,"Context, Memory & Data",Data / RAG / Rerankers,,,,,,,,,,,,,,,,,,,,,,,,
Coinbase CDP AgentKit Wallets,,https://github.com/coinbase/agentkit,logos/08326d518885f7b320ddda11fb980b4bcb8a674f1b0a864e15ecb57bdccc2264.svg,,,,,,,,,"Wallet infrastructure giving agents custody, signing, and balance management for on-chain or fiat funds.",,,,,,,,,,,,Tools & Integrations,Actions / Financial Tools / Agent Wallets,,,,,,,,,,,,,,,,,,,,,,,,
Composio,,https://github.com/ComposioHQ/composio,logos/3b15210e8cedf0f2fd2313265c2b768b781230284c61d69045350436912e9b6a.svg,,,,,,,,,Generic integration/connector libraries exposing many third-party APIs as agent-callable tools.,,,,,,,,,,,,Tools & Integrations,Actions / Integrations,,,,,,,,,,,,,,,,,,,,,,,,
Concordia,,https://github.com/google-deepmind/concordia,logos/6dc0323a1db631e2230125c52db2a8124b9c1385af289970c7d2ac5971e3f4b9.svg,,,,,,,,,"Frameworks for simulating populations of agents in social settings — generative agents, games, and behavioral experiments.",,,,,,,,,,,,Frameworks & Runtimes,Frameworks / Social Simulations,,,,,,,,,,,,,,,,,,,,,,,,
Conductor,,https://github.com/conductor-oss/conductor,logos/ce58fdcbdb095bbda223f017d7eac627d02e4adf602ae198e6b49625818b0a36.svg,,,,,,,,,"Coordination layers that route tasks across multiple agents, models, or workers — the conductor rather than the individual performer.",,,,,,,,,,,,Frameworks & Runtimes,Orchestration,,,,,,,,,,,,,,,,,,,,,,,,
ConnectOnion,,https://github.com/openonion/connectonion,logos/3b15210e8cedf0f2fd2313265c2b768b781230284c61d69045350436912e9b6a.svg,,,,,,,,,"Protocols, channels, and libraries that let independent agents address and message one another directly.",,,,,,,,,,,,Agents,Agent to Agent,,,,,,,,,,,,,,,,,,,,,,,,
Context-Gateway,,https://github.com/Compresr-ai/Context-Gateway,logos/7296244a27762ddff3bf9d9b4810923c319cb3d504105cb40ac8c080e8ffb499.svg,,,,,,,,,Gateway-layer services that compress or prune context windows before requests reach the model.,,,,,,,,,,,,Models & Inference,Inference / Gateways / Context Compression,,,,,,,,,,,,,,,,,,,,,,,,
context-lens,,https://github.com/larsderidder/context-lens,logos/a525e44defb7a9f80d6e4d28db50f4779d5288999a8ceea505a2c2e42c8b2722.svg,,,,,,,,,"Visualisers that render context windows, token budgets, and prompt structure.",,,,,,,,,,,,"Context, Memory & Data",Context / Visualisation,,,,,,,,,,,,,,,,,,,,,,,,
context-mode,,https://github.com/mksglu/context-mode,logos/d3978ea9e836dfd9da73f85a5a84e6528eca71daebe551dd675fc4a26131884a.svg,,,,,,,,,"Tools that shrink, rank, or restructure context to fit window and cost budgets.",,,,,,,,,,,,"Context, Memory & Data",Context / Context Optimisation,,,,,,,,,,,,,,,,,,,,,,,,
Contexto,,https://github.com/ekailabs/contexto,logos/e9d6c657343a0333961d249afe5910736d4c071298aa94c011a36be07af664bf.svg,,,,,,,,,"Context engines that orchestrate retrieval, assembly, and delivery of prompt context.",,,,,,,,,,,,"Context, Memory & Data",Context / Engines,,,,,,,,,,,,,,,,,,,,,,,,
Cordum,,https://github.com/cordum-io/cordum,logos/e3b0878b5b757c842132d3df9dab839f0e20a7c850a591a6eb287d012250b6ca.svg,,,,,,,,,Centralized policy and governance control planes that enforce rules across fleets of agents and tools.,,,,,,,,,,,,Safety & Governance,Security / Control Planes,,,,,,,,,,,,,,,,,,,,,,,,
Coze Loop,,https://github.com/coze-dev/coze-loop,logos/7b46e4fabf1efa98cc71a0e3049fbd8a9c4dd133e746fc180dfff36b78958a45.svg,,,,,,,,,"Platforms for evaluating, tuning, and optimising deployed agents and prompts.",,,,,,,,,,,,Builders & Platforms,Optimisation Platform,,,,,,,,,,,,,,,,,,,,,,,,
Coze Studio,,https://github.com/coze-dev/coze-studio,logos/09a36081882b836c660ab934d031fc07f0b8efd6b176aab612d2b0cce1a69057.svg,,,,,,,,,"All-in-one environments for authoring, testing, and iterating on agents.",,,,,,,,,,,,Builders & Platforms,Development Platforms,,,,,,,,,,,,,,,,,,,,,,,,
CrewAI,,https://github.com/crewAIInc/crewAI,logos/08fccb3485412a378e9ead137495c275e5dc88fa76f02e3e36630f2da4651af0.svg,,,,,,,,,"Frameworks whose core abstraction is a team of cooperating agents — roles, messaging, and group workflows as first-class primitives.",,,,,,,,,,,,Frameworks & Runtimes,Frameworks / Multiagent Orchestration,,,,,,,,,,,,,,,,,,,,,,,,
Crossmint Agent Wallets,,https://www.crossmint.com/products/wallets,logos/6857ada5384e496232e7a13827839ad472ebeaf6f6e694adf00de79532aeea96.svg,,,,,,,,,"Wallet infrastructure giving agents custody, signing, and balance management for on-chain or fiat funds.",,,,,,,,,,,,Tools & Integrations,Actions / Financial Tools / Agent Wallets,,,,,,,,,,,,,,,,,,,,,,,,
Crucix,,https://github.com/calesthio/Crucix,logos/0f45d86e0c3c3b6fe1195c0987c72bf901b802a378eedf45852f68366c3e4bf9.svg,,,,,,,,,Memory-centric personal assistants that retain per-user lifelong context across sessions and apps.,,,,,,,,,,,,"Context, Memory & Data",Memory / Personal AI,,,,,,,,,,,,,,,,,,,,,,,,
Crush,,https://github.com/charmbracelet/crush,logos/ade795d66b789d2e0a5dcc89f4c6225196ac481fc8d63e6bb17fb6c8b26535ba.svg,,,,,,,,,Third-party CLI agent harnesses not shipped by a model vendor.,,,,,,,,,,,,Agents,Harnesses / CLIs / Third Party,,,,,,,,,,,,,,,,,,,,,,,,
cua,,https://github.com/trycua/cua,logos/1a1522501203a945533e9f0682d550f876ebc40e17aa8382d56f33a78f7cd137.svg,,,,,,,,,"Frameworks letting agents control a full desktop OS via keyboard, mouse, and screen — beyond just the browser.",,,,,,,,,,,,Tools & Integrations,Actions / Computer Use,,,,,,,,,,,,,,,,,,,,,,,,
cua.ai,,https://cua.ai/,logos/a44d56396acd1a9a55431ce2fec60eb96d66c89f21cf460e4ab78df57a53998e.svg,,,,,,,,,Hosted remote desktop environments that agents drive via screen/keyboard/mouse — cloud VMs packaged as agent workspaces.,,,,,,,,,,,,Frameworks & Runtimes,Environments / Remote Desktops,,,,,,,,,,,,,,,,,,,,,,,,
Daytona,,https://github.com/daytonaio/daytona,logos/66941435beb7e1ecbe182d8413d88a4038586870696dbc06364047f52500742c.svg,,,,,,,,,Sandboxes purpose-built for running LLM-generated code with fast startup and per-session isolation.,,,,,,,,,,,,Frameworks & Runtimes,Runtimes / Sandboxes / Code Execution Sandboxes,,,,,,,,,,,,,,,,,,,,,,,,
Deep Lake,,https://github.com/activeloopai/deeplake,logos/b58e4f7ae30714a19de8ae35d4323b877164835d767f25dc9b2b3117b081ee02.svg,,,,,,,,,"Runtime-adjacent storage and data-access layers that agents rely on for state, memory, and dataset I/O.",,,,,,,,,,,,Frameworks & Runtimes,Runtimes / Data Layers,,,,,,,,,,,,,,,,,,,,,,,,
DeepAgents,,https://github.com/langchain-ai/deepagents,logos/11c88cbfefc9e65da4859c549579da2449dc5b4f9d638c0d555d0bce3c36ba99.svg,,,,,,,,,"Harnesses specialised for long-horizon, multi-step research tasks with iterative search, reading, and synthesis.",,,,,,,,,,,,Frameworks & Runtimes,Harnesses / Deep Research,,,,,,,,,,,,,,,,,,,,,,,,
DeepEval,,https://github.com/confident-ai/deepeval,logos/b35019fa6a76e61e897437ecc37bb67ef7cbf488de4e38ff99253eb4bc720acf.svg,,,,,,,,,"General-purpose eval frameworks for authoring, running, and scoring test suites against LLM and agent outputs.",,,,,,,,,,,,Observability & Evals,Evals and Experiment Tracking / Frameworks,,,,,,,,,,,,,,,,,,,,,,,,
Dify,,https://github.com/langgenius/dify,logos/b1f4556546e4bbab6aff1bcf13f296acea958be4b8484f03b80efea7b4b73a97.svg,,,,,,,,,Hosted or self-hostable backends that provide APIs and infrastructure for running user-defined agents.,,,,,,,,,,,,Agents,Backend Platforms,,,,,,,,,,,,,,,,,,,,,,,,
Docling,,https://github.com/DS4SD/docling,logos/d413dd8e2061d6405560e944d692bea04e9e6859d90349087dd2bfe8e5943c26.svg,,,,,,,,,"Parsers that convert PDFs, Office files, and HTML into LLM-ready structured text and markdown.",,,,,,,,,,,,"Context, Memory & Data",Data / RAG / Document Parsing for LLMs,,,,,,,,,,,,,,,,,,,,,,,,
dotai,,https://github.com/udecode/dotai,logos/c68b1f2f26b307caad733f7803ca19a2b917520b246aa61646c3f1afd994badb.svg,,,,,,,,,"Utilities for assembling, versioning, and injecting prompt context bundles into agents.",,,,,,,,,,,,"Context, Memory & Data",Context / Tools / Context Managers,,,,,,,,,,,,,,,,,,,,,,,,
DSPy,,https://github.com/stanfordnlp/dspy,logos/b825c4631592383ede0914eba417d7cff9c45dbb275882d00a7c8c468c2563fd.svg,,,,,,,,,"Frameworks that automatically tune, rewrite, or compile prompts from higher-level program specifications.",,,,,,,,,,,,Dev Tools & Skills,Prompts / Prompt Optimisation & Compilation,,,,,,,,,,,,,,,,,,,,,,,,
E2B,,https://github.com/e2b-dev/e2b,logos/9f49d53d02248e4a4dc5c1362af83f9596a5a1629b12f98158aec95a3d809207.svg,,,,,,,,,Sandboxes purpose-built for running LLM-generated code with fast startup and per-session isolation.,,,,,,,,,,,,Frameworks & Runtimes,Runtimes / Sandboxes / Code Execution Sandboxes,,,,,,,,,,,,,,,,,,,,,,,,
EnsoAI,,https://github.com/J3n5en/EnsoAI,logos/391b11756bae9796b91ca100f3dd074dffec2d8b9ca76ebf86cdc4df508945f5.svg,,,,,,,,,Framework-level optimisation techniques for running agent workloads in parallel to cut latency or cost.,,,,,,,,,,,,Frameworks & Runtimes,Frameworks / Optimisation / Parallelisation,,,,,,,,,,,,,,,,,,,,,,,,
EvoAgentX,,https://github.com/EvoAgentX/EvoAgentX,logos/31d263a377fdba6ad72989371ebdc400dfe7d078b628448aac92338a68a36bff.svg,,,,,,,,,Programming-model libraries and SDKs for building agents — the code-facing abstractions developers import to define agent behavior.,,,,,,,,,,,,Frameworks & Runtimes,Frameworks,,,,,,,,,,,,,,,,,,,,,,,,
Exa,,https://exa.ai/,logos/14c451f14cc1e58c8df3c02d87a4bec85744fde7411b517aaa8b5bdd29f4d1c9.svg,,,,,,,,,"Web search APIs purpose-built as agent tool calls, returning LLM-friendly results rather than SERP HTML.",,,,,,,,,,,,Tools & Integrations,Actions / Web Search APIs for Agents,,,,,,,,,,,,,,,,,,,,,,,,
Fairo,,https://github.com/facebookresearch/fairo,logos/3e6d92d073c5a553918d507514242d14550a87ce88641604269eb3f8084ece74.svg,,,,,,,,,Platforms for building agents embodied in physical or avatar form factors.,,,,,,,,,,,,Builders & Platforms,Platforms / Embodied,,,,,,,,,,,,,,,,,,,,,,,,
Fara,,https://github.com/microsoft/fara,logos/2bfc7c53ea781821a84b5ec6d0aebaa0ed13aaa94bc875e22ae7275b010accbb.svg,,,,,,,,,"LLMs tuned specifically for computer-use agents that control a GUI, browser, or desktop.",,,,,,,,,,,,Models & Inference,Models / LLMs / By Use Case / Computer Use,,,,,,,,,,,,,,,,,,,,,,,,
Firecrawl,,https://github.com/firecrawl/firecrawl,logos/9eb40d05751ef32112471e34e569d7289ade1cb84b9ed4feab42d5ebeb664138.svg,,,,,,,,,"Services that turn web pages and unstructured sources into clean, structured data for agents.",,,,,,,,,,,,Tools & Integrations,Actions / Data Extraction and Structuring,,,,,,,,,,,,,,,,,,,,,,,,
FlashRank,,https://github.com/PrithivirajDamodaran/FlashRank,logos/fefc8b606e4dbcacaa4af64b0b139dccbe602fb13d950ae3f2e6c5b0a1692dcd.svg,,,,,,,,,Models and services that reorder retrieved candidates by relevance before they reach the LLM.,,,,,,,,,,,,"Context, Memory & Data",Data / RAG / Rerankers,,,,,,,,,,,,,,,,,,,,,,,,
Flowise,,https://github.com/FlowiseAI/Flowise,logos/0456a5822407d6d1d29a17041193b0d2bbbdf0e6a6418e4fac0622aa289262cc.svg,,,,,,,,,Open-source automation platforms offering a drag-and-drop graphical flow builder.,,,,,,,,,,,,Builders & Platforms,Automation / Open Source / GUI Based,,,,,,,,,,,,,,,,,,,,,,,,
GAIA,,https://huggingface.co/gaia-benchmark,logos/0a7178d92174476adeeee1846b5bd65efd3a119747076b3389b584188edd7f25.svg,,,,,,,,,"Benchmarks measuring broad, open-ended assistant capability across mixed reasoning, tool-use, and knowledge tasks.",,,,,,,,,,,,Observability & Evals,Benchmarks / General Assistant Benchmarks,,,,,,,,,,,,,,,,,,,,,,,,
Garak,,https://github.com/NVIDIA/garak,logos/7f64a33541a6d6169a62195a190bae0a6dcf6249894fd89f099ff0a871cb2f2f.svg,,,,,,,,,Scanners and test harnesses specifically targeting prompt injection and LLM jailbreak vulnerabilities.,,,,,,,,,,,,Safety & Governance,Security / Red Team / Prompt Injection Scanners,,,,,,,,,,,,,,,,,,,,,,,,
Gastown,,https://github.com/gastownhall/gastown,logos/d14d998346f978043326a2eaa4cb6e4d16038ed1380828c4a771e5fc84b80499.svg,,,,,,,,,"Multi-agent workspace environments where users manage, converse with, and orchestrate several agents in one place.",,,,,,,,,,,,Interfaces,Workspaces,,,,,,,,,,,,,,,,,,,,,,,,
Gemini CLI,,https://github.com/google-gemini/gemini-cli,logos/8cea1762e080f24e0c2f25109cb1f98a5c5f2ba3026e7c723cdbf511430ff47d.svg,,,,,,,,,First-party CLI agent harnesses shipped by model vendors for their own models.,,,,,,,,,,,,Agents,Harnesses / CLIs / Vendor,,,,,,,,,,,,,,,,,,,,,,,,
Gibberlink,,https://github.com/PennyroyalTea/gibberlink,logos/a70bd0b2b47bd2f7bb3f4c75d2473035fdf6b3ee55f5219287f4e8c512688cec.svg,,,,,,,,,Experimental voice-based protocols for agent-to-agent communication.,,,,,,,,,,,,Agents,Agent to Agent / Experiments / Voices,,,,,,,,,,,,,,,,,,,,,,,,
GitAgent,,https://github.com/open-gitagent/gitagent,logos/70d76549e6bae96473e0c426a0c4b49368b2b083b8d09d2c85538703e8a5ac05.svg,,,,,,,,,Proposed agent-ecosystem standards still in draft — not yet widely implemented or ratified.,,,,,,,,,,,,Tools & Integrations,Standards / Proposed,,,,,,,,,,,,,,,,,,,,,,,,
GOAT,,https://github.com/goat-sdk/goat,logos/3056e1f3372d8f69e795b567422b88c431b1451e0158b1131ca16a1c9cdc767e.svg,,,,,,,,,"Toolkits giving agents financial capabilities — wallets, payment rails, and transaction execution.",,,,,,,,,,,,Tools & Integrations,Actions / Financial Tools,,,,,,,,,,,,,,,,,,,,,,,,
Goose,,https://github.com/aaif-goose/goose,logos/d7d03f7ae0e50bec8c1b05b2451e7dd7637d6ab8e9866452608da4f531a132a7.svg,,,,,,,,,Hybrid frontends exposing the same agent through both a graphical interface and a command-line entry point.,,,,,,,,,,,,Interfaces,Frontends / GUIs and CLIs,,,,,,,,,,,,,,,,,,,,,,,,
Graphiti,,https://github.com/getzep/graphiti,logos/ae5a451ab616f65a95c8503ca79577dd41680f7d8cb279e3428288f6ba4d8ab2.svg,,,,,,,,,Libraries that construct and maintain knowledge graphs as agent long-term memory.,,,,,,,,,,,,Agents,Memory / Graph Builders,,,,,,,,,,,,,,,,,,,,,,,,
Graphiti,,https://github.com/getzep/graphiti,logos/ae5a451ab616f65a95c8503ca79577dd41680f7d8cb279e3428288f6ba4d8ab2.svg,,,,,,,,,Building entity-and-relation knowledge graphs from unstructured text to power graph-aware retrieval.,,,,,,,,,,,,"Context, Memory & Data",Data / RAG / Knowledge Graph Construction,,,,,,,,,,,,,,,,,,,,,,,,
Graphiti,,https://github.com/getzep/graphiti,logos/ae5a451ab616f65a95c8503ca79577dd41680f7d8cb279e3428288f6ba4d8ab2.svg,,,,,,,,,Time-aware memory stores that record events and their temporal relations for agent recall.,,,,,,,,,,,,"Context, Memory & Data",Memory / Episodic / Temporal Memory,,,,,,,,,,,,,,,,,,,,,,,,
Grok 4.20 Multi-Agent,,https://openrouter.ai/x-ai/grok-4.20-multi-agent,logos/acda654acb80f6d97334bde3ebdd4a22249b96b213a142762f6dc39f73990c14.svg,,,,,,,,,"LLMs purpose-built or tuned for agentic workflows — planning, tool use, multi-agent coordination.",,,,,,,,,,,,Models & Inference,Models / LLMs / Agent Specific,,,,,,,,,,,,,,,,,,,,,,,,
Guardrails AI,,https://github.com/guardrails-ai/guardrails,logos/0a7178d92174476adeeee1846b5bd65efd3a119747076b3389b584188edd7f25.svg,,,,,,,,,"Libraries and routers that enforce content, safety, and behavioral policies on LLM inputs and outputs.",,,,,,,,,,,,Safety & Governance,Guardrails / Policy Engines & Guardrail Routers,,,,,,,,,,,,,,,,,,,,,,,,
Guidance,,https://github.com/guidance-ai/guidance,logos/c8f623af4c64bc85d8343cd3295f6fd794110ffc926b167b8e4f260729ddd360.svg,,,,,,,,,"Libraries that constrain LLM decoding to a grammar, regex, or schema at token level.",,,,,,,,,,,,Dev Tools & Skills,Prompts / Structured Output / Constrained Decoding Libraries,,,,,,,,,,,,,,,,,,,,,,,,
Gumloop,,https://www.gumloop.com/,logos/54cca2d852c0d4ee25eb504e46dc90f618730ec613882e6632b81ebadad2e6ba.svg,,,,,,,,,Visual SaaS builders optimised for multi-step workflows rather than conversational agents.,,,,,,,,,,,,Builders & Platforms,SaaS Builders / Visual Programming / Workflow Focused,,,,,,,,,,,,,,,,,,,,,,,,
Hello Halo,,https://github.com/openkursar/hello-halo,logos/4267cc0a48eaae4010dfa575fb74b2ed8b3b38e37061798fe9cbb5f987631b1b.svg,,,,,,,,,Native desktop applications that package agents as installable GUI software.,,,,,,,,,,,,Agents,Desktop GUIs,,,,,,,,,,,,,,,,,,,,,,,,
Hermes Agent,,https://github.com/NousResearch/hermes-agent,logos/c2a04af673afcdd6848e8e583b3c6f048b6cc21175ddb5e0d778aa0598313e46.svg,,,,,,,,,Open-source agent frameworks usable as libraries for building custom agents.,,,,,,,,,,,,Agents,Frameworks / Open Source,,,,,,,,,,,,,,,,,,,,,,,,
Hive,,https://github.com/aden-hive/hive,logos/d6103c58b8cbf56dc3fcc064269164ed3e35ddde691e2290d3462c9053529586.svg,,,,,,,,,"Wrappers that extend or control an existing agent/LLM loop — adding research, dispatch, checkpointing, recovery, or compression around it.",,,,,,,,,,,,Frameworks & Runtimes,Harnesses,,,,,,,,,,,,,,,,,,,,,,,,
Hugging Face Agents Course user sims,,https://huggingface.co/learn/agents-course,logos/e0faaff9fcf77b0caad966bd19e437d91ab1a586ea27f38cb3f13916cec0ed88.svg,,,,,,,,,Tools that generate simulated users to exercise agents in multi-turn conversational or task scenarios.,,,,,,,,,,,,Observability & Evals,Evals and Experiment Tracking / Synthetic User Simulation,,,,,,,,,,,,,,,,,,,,,,,,
Hyperbrowser,,https://hyperbrowser.ai/,logos/64d8e343008ae4fed374f35adcc0519ebcbf2385654226b70c15704d3ef6a349.svg,,,,,,,,,"Hosted browser infrastructure providing managed sessions, proxies, and captchas for agent automation at scale.",,,,,,,,,,,,Tools & Integrations,Actions / Browser Automation / Cloud Browser Infrastructure,,,,,,,,,,,,,,,,,,,,,,,,
II-Agent,,https://github.com/Intelligent-Internet/ii-agent,logos/8f8e682ab541230ce51d3a8290030db6b2ca9ea75fc3d2ba6204ebe4f98653c6.svg,,,,,,,,,Programming-model libraries and SDKs for building agents — the code-facing abstractions developers import to define agent behavior.,,,,,,,,,,,,Frameworks & Runtimes,Frameworks,,,,,,,,,,,,,,,,,,,,,,,,
INKOS,,https://github.com/Narcooo/inkos,logos/6553ab631285d9fa7582d3c483163e02c95ec75f89ca0264ec16e9a8f07f415c.svg,,,,,,,,,Agents built around a single well-defined purpose or task type.,,,,,,,,,,,,Agents,Purpose Specific,,,,,,,,,,,,,,,,,,,,,,,,
Inspect AI,,https://github.com/UKGovernmentBEIS/inspect_ai,logos/c4d1e74b83f99e3025c16614b866ea3788112baf659a1cf18fdf0a9e2795c020.svg,,,,,,,,,Frameworks that use an LLM to grade outputs of another LLM or agent against rubrics or reference answers.,,,,,,,,,,,,Observability & Evals,Evals and Experiment Tracking / LLM-as-Judge Frameworks,,,,,,,,,,,,,,,,,,,,,,,,
Instructor,,https://github.com/jxnl/instructor,logos/0fe97d791dd3067fb8a4f032d9ccc01394f0e08eb6191e28b6b9b4efc14f6f13.svg,,,,,,,,,"Libraries that constrain LLM decoding to a grammar, regex, or schema at token level.",,,,,,,,,,,,Dev Tools & Skills,Prompts / Structured Output / Constrained Decoding Libraries,,,,,,,,,,,,,,,,,,,,,,,,
IntentKit,,https://github.com/crestalnetwork/intentkit,logos/0fe97d791dd3067fb8a4f032d9ccc01394f0e08eb6191e28b6b9b4efc14f6f13.svg,,,,,,,,,"Deployments that run many related agents as a managed cluster sharing state, scheduling, or lifecycle.",,,,,,,,,,,,Agents,Agent Clusters,,,,,,,,,,,,,,,,,,,,,,,,
Invariant Labs,,https://github.com/invariantlabs-ai/invariant,logos/17c7e71cc90f322db264305367877dc8e275f8c64fcaf6c413b33d6a829a0194.svg,,,,,,,,,"Libraries and routers that enforce content, safety, and behavioral policies on LLM inputs and outputs.",,,,,,,,,,,,Safety & Governance,Guardrails / Policy Engines & Guardrail Routers,,,,,,,,,,,,,,,,,,,,,,,,
Jina Reranker,,https://jina.ai/reranker/,logos/c438c961b90a947b80980be2a2ca15dd6e83319fb92e6e6e7705e56b3816f0ed.svg,,,,,,,,,Models and services that reorder retrieved candidates by relevance before they reach the LLM.,,,,,,,,,,,,"Context, Memory & Data",Data / RAG / Rerankers,,,,,,,,,,,,,,,,,,,,,,,,
Julep,,https://github.com/julep-ai/julep,logos/eb9b70daffb2fb42dc3f08cef932d944b3a796a7960bf42c46550fc17e2327df.svg,,,,,,,,,Serverless runtimes for hosting agents without managing long-lived infrastructure.,,,,,,,,,,,,Builders & Platforms,Deployment Platforms / Serverless,,,,,,,,,,,,,,,,,,,,,,,,
Jupyter AI,,https://github.com/jupyterlab/jupyter-ai,logos/0cb462acd9dc76e9154c0aea45bb30bbf324ab960c7d7ad3cd4aab7d875bcaba.svg,,,,,,,,,"Extensions that embed agentic actions into existing host software such as IDEs, notebooks, or editors.",,,,,,,,,,,,Tools & Integrations,Actions / Software Extensions,,,,,,,,,,,,,,,,,,,,,,,,
Klavis,,https://github.com/Klavis-AI/klavis,logos/0efe8a621958b8bf5801e1922ebc66105613f766b813e8f00359900ad6561534.svg,,,,,,,,,Services that aggregate many MCP servers behind a single unified interface for an agent client.,,,,,,,,,,,,Tools & Integrations,MCP / Aggregation,,,,,,,,,,,,,,,,,,,,,,,,
Langflow,,https://github.com/langflow-ai/langflow,logos/9739ff797317d695b67d819c5989ef11bc4daebadd702ce6e1d2f1e50a575194.svg,,,,,,,,,Programming-model libraries and SDKs for building agents — the code-facing abstractions developers import to define agent behavior.,,,,,,,,,,,,Frameworks & Runtimes,Frameworks,,,,,,,,,,,,,,,,,,,,,,,,
Langfuse,,https://github.com/langfuse/langfuse,logos/9739ff797317d695b67d819c5989ef11bc4daebadd702ce6e1d2f1e50a575194.svg,,,,,,,,,"Tracing and telemetry backends that capture LLM/agent spans, prompts, and tool calls for live debugging.",,,,,,,,,,,,Observability & Evals,Evals and Experiment Tracking / Observability,,,,,,,,,,,,,,,,,,,,,,,,
LangSmith,,https://www.langchain.com/langsmith,logos/93076da443e5fccf3b1112ceba49103a45246c70cd6b8b7c018ae17db6da5ff9.svg,,,,,,,,,"Tools that replay captured agent traces step-by-step, letting developers branch, rewind, and re-run from any point.",,,,,,,,,,,,Observability & Evals,Evals and Experiment Tracking / Trace Replay & Time-Travel Debugging,,,,,,,,,,,,,,,,,,,,,,,,
LangWatch,,https://github.com/langwatch/langwatch,logos/41ded619fe564b333c1c0bf069a97958b9b5696a0a83125d3c5f525b2dbf6bb9.svg,,,,,,,,,"Frameworks and services for running evals, tracing agent runs, and tracking experiments across model/prompt versions.",,,,,,,,,,,,Observability & Evals,Evals and Experiment Tracking,,,,,,,,,,,,,,,,,,,,,,,,
Leon,,https://github.com/leon-ai/leon,logos/fb55ce447a0ab83c0ace71f817d99bb08c179172a7890a15d995894b076134f4.svg,,,,,,,,,Personal AI assistants that maintain long-lived memory about a single user across sessions.,,,,,,,,,,,,"Context, Memory & Data",Memory / Personal AI / Assistants,,,,,,,,,,,,,,,,,,,,,,,,
Letta,,https://github.com/letta-ai/letta,logos/b54f725c377e29b31d5ea6da8dda9a324359fee6d2c8753ae02351c4bf94769f.svg,,,,,,,,,Frameworks that treat persistent agent state and memory as the central design concern — long-lived agents with durable identity.,,,,,,,,,,,,Frameworks & Runtimes,Frameworks / Stateful Design,,,,,,,,,,,,,,,,,,,,,,,,
Letta Cloud,,https://www.letta.com/,logos/029d21bb95105fc9ba3fc7f5a23e713e5d3140b358648aeaf7fdf3e256d4725c.svg,,,,,,,,,Hosted memory backends exposing add/search/forget APIs so agents can outsource long-term recall.,,,,,,,,,,,,"Context, Memory & Data",Memory / Memory-as-a-Service,,,,,,,,,,,,,,,,,,,,,,,,
Lightpanda Browser,,https://github.com/lightpanda-io/browser,logos/0ba1fcb8deea1a2448671de51bea55cedf96ae72a837e4af8fe99042f646b377.svg,,,,,,,,,"Headless browsers designed for AI agents — no UI, optimized for programmatic navigation and scraping.",,,,,,,,,,,,Tools & Integrations,Actions / AI Browsers / Headless,,,,,,,,,,,,,,,,,,,,,,,,
LightRAG,,https://github.com/HKUDS/LightRAG,logos/86e7a3b2d9cd242f361ad4f8758f187d64a45b6743938d99520bc7438f10ef71.svg,,,,,,,,,Building entity-and-relation knowledge graphs from unstructured text to power graph-aware retrieval.,,,,,,,,,,,,"Context, Memory & Data",Data / RAG / Knowledge Graph Construction,,,,,,,,,,,,,,,,,,,,,,,,
Linkup,,https://www.linkup.so/,logos/56eea45e56a0ac9426d64e827910f5ab4fa5510460be38f6a9cf44ef7329a2c8.svg,,,,,,,,,"Web search APIs purpose-built as agent tool calls, returning LLM-friendly results rather than SERP HTML.",,,,,,,,,,,,Tools & Integrations,Actions / Web Search APIs for Agents,,,,,,,,,,,,,,,,,,,,,,,,
LiteLLM,,https://github.com/BerriAI/litellm,logos/32b29d98c34e6cf40f095f43c3428ebba1e38e57182657ad6dc3ff5e79a9bc93.svg,,,,,,,,,"Unified LLM gateway proxies exposing many providers behind one API with auth, logging, and rate limiting.",,,,,,,,,,,,Models & Inference,Inference / Proxy / Gateways,,,,,,,,,,,,,,,,,,,,,,,,
LiveKit Agents,,https://github.com/livekit/agents,logos/44b6d2b850fc7154c0ad748d2e3b4621a94f1910c85f8f7103944675c6589ca3.svg,,,,,,,,,"Voice-first agent frameworks — libraries built around realtime speech I/O, turn-taking, and telephony-style interaction.",,,,,,,,,,,,Frameworks & Runtimes,Frameworks / Voice,,,,,,,,,,,,,,,,,,,,,,,,
Llama Guard,,https://github.com/meta-llama/PurpleLlama,logos/e58d425794de9590b577729cdc6240439b10e71d3d3c5ebe61ad10b55739c3a3.svg,,,,,,,,,"Libraries and routers that enforce content, safety, and behavioral policies on LLM inputs and outputs.",,,,,,,,,,,,Safety & Governance,Guardrails / Policy Engines & Guardrail Routers,,,,,,,,,,,,,,,,,,,,,,,,
LlamaParse,,https://github.com/run-llama/llama_parse,logos/52878149f3ce6314279975f0a7106b3dd92c96626ddc8364b6d0e4fc1dca13d2.svg,,,,,,,,,"Parsers that convert PDFs, Office files, and HTML into LLM-ready structured text and markdown.",,,,,,,,,,,,"Context, Memory & Data",Data / RAG / Document Parsing for LLMs,,,,,,,,,,,,,,,,,,,,,,,,
LLM Council,,https://github.com/karpathy/llm-council,logos/f50e8124a52fc741a318509bbc91cfe628a29fc1b2114831d3b2328d5938a0cb.svg,,,,,,,,,Orchestrating multiple LLM personas to surface a synthesised range of viewpoints on a question.,,,,,,,,,,,,Agents,Synthesised Perspectives,,,,,,,,,,,,,,,,,,,,,,,,
LobeHub,,https://github.com/lobehub/lobehub,logos/f5e6b2e0c9c6c8f9e709fc37c2b378acfca16d9994a8ffc89c88ce9bf018b70b.svg,,,,,,,,,"Multi-agent workspace environments where users manage, converse with, and orchestrate several agents in one place.",,,,,,,,,,,,Interfaces,Workspaces,,,,,,,,,,,,,,,,,,,,,,,,
macOS-use,,https://github.com/browser-use/macOS-use,logos/8810c58ff990604d4d449965c9d670f0552d545af140fb807529874f2a3189de.svg,,,,,,,,,"macOS-native computer-use runtimes controlling the Mac via AppleScript, accessibility, or native APIs.",,,,,,,,,,,,Tools & Integrations,Actions / Computer Use / Platform Specific / macOS,,,,,,,,,,,,,,,,,,,,,,,,
Marker,,https://github.com/VikParuchuri/marker,logos/3a54f9e78586f3ab2eb826b239248f8ba5d6a3de18cbcb5afce3e6dd74dcf8ec.svg,,,,,,,,,"Parsers that convert PDFs, Office files, and HTML into LLM-ready structured text and markdown.",,,,,,,,,,,,"Context, Memory & Data",Data / RAG / Document Parsing for LLMs,,,,,,,,,,,,,,,,,,,,,,,,
Marketing Skills,,https://github.com/coreyhaines31/marketingskills,logos/7c5b43e8d126728289946f201cafcfcab28b1561b9c67ebbfa0ec5aa30204d7e.svg,,,,,,,,,Skill bundles specifically targeting the Claude Code harness.,,,,,,,,,,,,Dev Tools & Skills,Skills / Bundles / Claude Code,,,,,,,,,,,,,,,,,,,,,,,,
MCP (Model Context Protocol),,https://modelcontextprotocol.io/specification/2025-11-25,logos/c11f8c52db9a1450a5f0983796f1134032ca349443e2f36492516dd24f1a8b0b.svg,,,,,,,,,"Ratified, broadly adopted agent interoperability protocols backed by multi-vendor implementations.",,,,,,,,,,,,Tools & Integrations,Standards / Ratified,,,,,,,,,,,,,,,,,,,,,,,,
MCP Agent Mail,,https://github.com/Dicklesworthstone/mcp_agent_mail,logos/44b5644781ace4fb2bdaba87674ebb2649c1fd1f34e626902479039568a664af.svg,,,,,,,,,"Communication tools agents use to message, email, or otherwise talk to humans and other agents.",,,,,,,,,,,,Agents,Tools / Comms,,,,,,,,,,,,,,,,,,,,,,,,
MCP Context Forge,,https://github.com/IBM/mcp-context-forge,logos/becf7a11a35f743c377b2e7de3f73c53bac5148f38cca05a2e629eb44dccf44b.svg,,,,,,,,,"MCP gateways that proxy, translate, or policy-enforce between MCP clients and backend servers.",,,,,,,,,,,,Tools & Integrations,MCP / Gateways,,,,,,,,,,,,,,,,,,,,,,,,
MCP Registry (official),,https://github.com/modelcontextprotocol/registry,logos/58b470dc8add4433809252755ef430fa62268776abd60aaa3fc00fcdc300622a.svg,,,,,,,,,"Registries and marketplaces for discovering, publishing, and installing MCP servers.",,,,,,,,,,,,Tools & Integrations,MCP / Registries & Marketplaces,,,,,,,,,,,,,,,,,,,,,,,,
MCP Server Airbnb,,https://github.com/openbnb-org/mcp-server-airbnb,logos/383c85ec4adc109c31eac0f96c9b23125bf3a5cffa11ad237956496a51c15974.svg,,,,,,,,,Third-party MCP servers wrapping external products or APIs that the vendor itself does not ship.,,,,,,,,,,,,Tools & Integrations,MCP / Third Party,,,,,,,,,,,,,,,,,,,,,,,,
MCPO,,https://github.com/open-webui/mcpo,logos/e85b1c6458faf0fcdb1ab5322d032d6742ed97c9088cfa9a234371b8c3995fee.svg,,,,,,,,,Bridges that expose MCP servers as OpenAI-compatible tool endpoints.,,,,,,,,,,,,Models & Inference,Inference / Proxy / MCP to OpenAI,,,,,,,,,,,,,,,,,,,,,,,,
Mem0,,https://github.com/mem0ai/mem0,logos/c58f10a5200495fffa24fff6a3ebf1d1380377c7029863284de2c98985c5372b.svg,,,,,,,,,"Persistent memory systems that let agents remember across sessions, users, and time.",,,,,,,,,,,,"Context, Memory & Data",Memory,,,,,,,,,,,,,,,,,,,,,,,,
Mem0 Platform,,https://mem0.ai/,logos/196fbc4d6c3b3019dbce79f9deea9363d95b51ec16b3ff785cedcea8fccd7fe1.svg,,,,,,,,,Hosted memory backends exposing add/search/forget APIs so agents can outsource long-term recall.,,,,,,,,,,,,"Context, Memory & Data",Memory / Memory-as-a-Service,,,,,,,,,,,,,,,,,,,,,,,,
MemOS,,https://github.com/MemTensor/MemOS,logos/b28db84f4081004fa4538795a37916f06e6ad0b12c95db0bf3458209ef748311.svg,,,,,,,,,"Persistent memory systems that let agents remember across sessions, users, and time.",,,,,,,,,,,,"Context, Memory & Data",Memory,,,,,,,,,,,,,,,,,,,,,,,,
Memvid,,https://github.com/memvid/memvid,logos/a1279fd50c3dad5d4fce0363a98a39470ffc61580c9ff1f411327c779e883035.svg,,,,,,,,,File-backed memory formats that encode agent state into portable files such as videos or documents.,,,,,,,,,,,,"Context, Memory & Data",Memory / File,,,,,,,,,,,,,,,,,,,,,,,,
Microsandbox,,https://github.com/superradcompany/microsandbox,logos/2ba2854876b366769e5f750627a99f3ab116272f95fea61522d2dc333f2e2eda.svg,,,,,,,,,"Isolated execution environments where agents can run code, commands, or tools without risking the host.",,,,,,,,,,,,Safety & Governance,Security / Sandboxing,,,,,,,,,,,,,,,,,,,,,,,,
Microsoft GraphRAG,,https://github.com/microsoft/graphrag,logos/4ee2543cabcc71be313d963fdb3ba7392ded1ad064cc238c1bd04ad1bf8f1c19.svg,,,,,,,,,Building entity-and-relation knowledge graphs from unstructured text to power graph-aware retrieval.,,,,,,,,,,,,"Context, Memory & Data",Data / RAG / Knowledge Graph Construction,,,,,,,,,,,,,,,,,,,,,,,,
Mind2Web,,https://github.com/OSU-NLP-Group/Mind2Web,logos/1fd811bf1c2cdea3e42ee7b696a4bd470bc3828208703ff7ad8530b7ec96a1b6.svg,,,,,,,,,Benchmarks that evaluate agents on browser and web navigation tasks in realistic or simulated sites.,,,,,,,,,,,,Observability & Evals,Benchmarks / Web Agent Benchmarks,,,,,,,,,,,,,,,,,,,,,,,,
MindsDB,,https://github.com/mindsdb/mindsdb,logos/e74fd26c721426a60f76bd76eb9240e74aadadaaa19e9402963a4f3b892d37cd.svg,,,,,,,,,Querying layers that let agents and LLMs talk to existing databases and backends in natural language.,,,,,,,,,,,,"Context, Memory & Data",Data / Storage / Backend Querying,,,,,,,,,,,,,,,,,,,,,,,,
MindStudio,,https://www.mindstudio.ai/,logos/cdf4b3a00833efd15ab242403f2cfbc8ea47d8d99c26005c16405b650d73577d.svg,,,,,,,,,Visual SaaS builders optimised for multi-step workflows rather than conversational agents.,,,,,,,,,,,,Builders & Platforms,SaaS Builders / Visual Programming / Workflow Focused,,,,,,,,,,,,,,,,,,,,,,,,
MiroFish,,https://github.com/666ghj/MiroFish,logos/e74fd26c721426a60f76bd76eb9240e74aadadaaa19e9402963a4f3b892d37cd.svg,,,,,,,,,Using collective agent swarms to generate forecasts or predictions.,,,,,,,,,,,,Agents,Multiagent / Swarm Prediction,,,,,,,,,,,,,,,,,,,,,,,,
MixedBread Rerank,,https://www.mixedbread.com/,logos/6c23ab27ac95812ca6e4b19df41b9873f2325daf26659c6bbf49cf9295adf124.svg,,,,,,,,,Models and services that reorder retrieved candidates by relevance before they reach the LLM.,,,,,,,,,,,,"Context, Memory & Data",Data / RAG / Rerankers,,,,,,,,,,,,,,,,,,,,,,,,
ML-Agents,,https://github.com/Unity-Technologies/ml-agents,logos/1f75fc4ec83556b977470e3b092f2f797d842e2b15a4cb818afa5f1bd1df6970.svg,,,,,,,,,Procedural or agent-driven generation of simulated 3D/2D worlds and environments.,,,,,,,,,,,,Agents,Simulations & Worlds / World Generation,,,,,,,,,,,,,,,,,,,,,,,,
Modal Sandboxes,,https://modal.com/docs/guide/sandbox,logos/96101fa77243f44bdd7fcc1c5911465b081f7f05d3bbd53a1c2c9408a932d840.svg,,,,,,,,,Sandboxes purpose-built for running LLM-generated code with fast startup and per-session isolation.,,,,,,,,,,,,Frameworks & Runtimes,Runtimes / Sandboxes / Code Execution Sandboxes,,,,,,,,,,,,,,,,,,,,,,,,
n8n,,https://n8n.io/,logos/c29cb08894df54637d72d3c21235af21c8c937a92da6428d86ef4910b58416ae.svg,,,,,,,,,Visual node-based builders where agents and workflows are composed on a canvas.,,,,,,,,,,,,Builders & Platforms,SaaS Builders / Visual Programming,,,,,,,,,,,,,,,,,,,,,,,,
Nango,,https://github.com/NangoHQ/nango,logos/e46d2d37850056c7dfcd8e97bf08f52999e934aeea87113bd3f615127f27156c.svg,,,,,,,,,"Hosted proxies that handle OAuth, credentials, and tool invocation on behalf of agents across many SaaS APIs.",,,,,,,,,,,,Tools & Integrations,Actions / Authenticated Tool Proxies,,,,,,,,,,,,,,,,,,,,,,,,
Nanobot,,https://github.com/HKUDS/nanobot,logos/6786e08ee3eb900df022b16af66820e39f35cfd637c46cc05974b5e30b4d56fd.svg,,,,,,,,,Memory-centric personal assistants that retain per-user lifelong context across sessions and apps.,,,,,,,,,,,,"Context, Memory & Data",Memory / Personal AI,,,,,,,,,,,,,,,,,,,,,,,,
NeMo Guardrails,,https://github.com/NVIDIA/NeMo-Guardrails,logos/b9f376dd866f889912c5e70ff8ee4be24f8717e86a3481278a1363ec379407f2.svg,,,,,,,,,"Libraries and routers that enforce content, safety, and behavioral policies on LLM inputs and outputs.",,,,,,,,,,,,Safety & Governance,Guardrails / Policy Engines & Guardrail Routers,,,,,,,,,,,,,,,,,,,,,,,,
Nevermined Payments,,https://nevermined.io/,logos/1eeb63f610408805f55af46e9cf731270ecd31a64fa0f4df8ec501541849d22c.svg,,,,,,,,,"Payment rails and protocols that let agents pay for services, APIs, or other agents programmatically.",,,,,,,,,,,,Tools & Integrations,Actions / Financial Tools / Agent Payment Rails,,,,,,,,,,,,,,,,,,,,,,,,
OASIS,,https://github.com/camel-ai/oasis,logos/7f17d8aaa7324a5c06dd60da08af2a0960833abc0cd591b055b0b29e05c081da.svg,,,,,,,,,"Multi-agent simulations modelling human societies, populations, and social dynamics at scale.",,,,,,,,,,,,Agents,Simulations & Worlds / Societal Simulations,,,,,,,,,,,,,,,,,,,,,,,,
oh-my-openagent,,https://github.com/code-yeongyu/oh-my-openagent,logos/796697518f7def171ee58e25ef2baf8aa4603645a0281c0d541bfd9893b87a86.svg,,,,,,,,,"Wrappers that extend or control an existing agent/LLM loop — adding research, dispatch, checkpointing, recovery, or compression around it.",,,,,,,,,,,,Frameworks & Runtimes,Harnesses,,,,,,,,,,,,,,,,,,,,,,,,
Open Interpreter,,https://github.com/OpenInterpreter/open-interpreter,logos/ea217425d21af5d947400105a45bee7afdb6128b424448bc7d24ab563b263df7.svg,,,,,,,,,Harnesses that run computer-use agents locally on the user's own machine.,,,,,,,,,,,,Agents,Computer Use / Local Computer-Use Harnesses,,,,,,,,,,,,,,,,,,,,,,,,
open-computer-use,,https://github.com/coasty-ai/open-computer-use,logos/ce63ab4bc0dd54b4b65267f1df0240b381f74d616b4b03c9920ff35f72d25b4b.svg,,,,,,,,,"Agents that drive a full computer via screen, keyboard, and mouse to accomplish user tasks.",,,,,,,,,,,,Agents,Computer Use,,,,,,,,,,,,,,,,,,,,,,,,
OpenAgents,,https://github.com/openagents-org/openagents,logos/3f0338637c7c239f6e206a13de560d2d12e6ed17786719e715ed01bcdef74be1.svg,,,,,,,,,"Protocols, channels, and libraries that let independent agents address and message one another directly.",,,,,,,,,,,,Agents,Agent to Agent,,,,,,,,,,,,,,,,,,,,,,,,
OpenBB,,https://github.com/OpenBB-finance/OpenBB,logos/bf1eade2725cab7e616138953493e0defe9e8f2659362b7556a73156b9b3e587.svg,,,,,,,,,Financial market and company data feeds used to ground agents in quantitative and fundamental data.,,,,,,,,,,,,"Context, Memory & Data",Data / Grounding / Data Sources / Financial,,,,,,,,,,,,,,,,,,,,,,,,
OpenClaw,,https://github.com/openclaw/openclaw,logos/62d3ab01caf40de7fd6478fffc996e5523e2d57f4c9b7b2db6fe6828c0b183f8.svg,,,,,,,,,Personal AI assistants that maintain long-lived memory about a single user across sessions.,,,,,,,,,,,,"Context, Memory & Data",Memory / Personal AI / Assistants,,,,,,,,,,,,,,,,,,,,,,,,
OpenClaw Mission Control,,https://github.com/abhi1693/openclaw-mission-control,logos/b515d21d72f36a52ae5e9a96e67a4dea903e9c13795294de134d6b40dd438448.svg,,,,,,,,,User-facing chat and control UIs for interacting with agents built elsewhere.,,,,,,,,,,,,Agents,Frontends,,,,,,,,,,,,,,,,,,,,,,,,
OpenDevin/OpenHands,,https://github.com/All-Hands-AI/OpenHands,logos/7114dae7e2e2d3ebcef7768a635a06c6901c82582068b225090be1bc5ea29f80.svg,,,,,,,,,"Autonomous software-engineering harnesses that drive an LLM through multi-step code edits, runs, and tests.",,,,,,,,,,,,Dev Tools & Skills,Dev Tools / Coding Agent SWE Harnesses,,,,,,,,,,,,,,,,,,,,,,,,
OpenEnv,,https://github.com/meta-pytorch/OpenEnv,logos/b33d3edb09c8ce069f18412a9a213b25b1bb45d58af16edaa9f8ba22baeb96e6.svg,,,,,,,,,Environment suites and harnesses for training and evaluating agents via reinforcement learning.,,,,,,,,,,,,Models & Inference,Models / Reinforcement Learning / Agent RL Environments,,,,,,,,,,,,,,,,,,,,,,,,
OpenHands,,https://github.com/OpenHands/OpenHands,logos/b501e2670f2fb1034933adae6fcd0a8f1cf585af11217cb95d9aa69ae9e48c94.svg,,,,,,,,,"Agents whose purpose is to write, modify, and ship software end-to-end.",,,,,,,,,,,,Agents,Development,,,,,,,,,,,,,,,,,,,,,,,,
OpenPipe,,https://github.com/OpenPipe/OpenPipe,logos/b33d3edb09c8ce069f18412a9a213b25b1bb45d58af16edaa9f8ba22baeb96e6.svg,,,,,,,,,Fine-tuning services and pipelines specialised in teaching models to call tools and APIs correctly.,,,,,,,,,,,,Models & Inference,Models / Trainers / Tool-Use Fine-Tuning,,,,,,,,,,,,,,,,,,,,,,,,
OpenSandbox,,https://github.com/alibaba/OpenSandbox,logos/dc671b23c6032a622fe2931c79ef3383a310bd4fb798d2ff43ec2f0c099ee8e8.svg,,,,,,,,,"Isolated execution environments where agents can run code, shell commands, or untrusted tools safely.",,,,,,,,,,,,Frameworks & Runtimes,Runtimes / Sandboxes,,,,,,,,,,,,,,,,,,,,,,,,
OpenShell,,https://github.com/NVIDIA/OpenShell,logos/dc671b23c6032a622fe2931c79ef3383a310bd4fb798d2ff43ec2f0c099ee8e8.svg,,,,,,,,,"Execution substrates that host agent processes — sandboxes, policy engines, and data layers that enforce isolation and lifecycle.",,,,,,,,,,,,Frameworks & Runtimes,Runtimes,,,,,,,,,,,,,,,,,,,,,,,,
OpenViking,,https://github.com/volcengine/OpenViking,logos/cffc489527ef3e78948439cb7187b6e2f64dcfe0315c3d7c3892ec7ac17ee026.svg,,,,,,,,,"Databases purpose-built for storing and querying agent context, sessions, and conversational state.",,,,,,,,,,,,"Context, Memory & Data",Data / Storage / Databases / Context Databases,,,,,,,,,,,,,,,,,,,,,,,,
Operit,,https://github.com/AAswordman/Operit,logos/62d3ab01caf40de7fd6478fffc996e5523e2d57f4c9b7b2db6fe6828c0b183f8.svg,,,,,,,,,Android-native client apps for interacting with agents and LLMs on mobile.,,,,,,,,,,,,Interfaces,Frontends / Android,,,,,,,,,,,,,,,,,,,,,,,,
Orchestra,,https://github.com/b12io/orchestra,logos/b0e34e91a8165f9827e19f0cc285029cbd06cfd24e32552523d732e594dfde11.svg,,,,,,,,,"UX patterns and inboxes letting humans review, approve, or correct agent actions mid-run.",,,,,,,,,,,,Interfaces,UX / Human in the Loop,,,,,,,,,,,,,,,,,,,,,,,,
Osaurus,,https://github.com/osaurus-ai/osaurus,logos/eeea9e5d847d80b0d8354c75d945384b1b60bd0f01cbf58c3609634662d42cb2.svg,,,,,,,,,"Agent harnesses built specifically for macOS, leveraging native APIs and Apple silicon integration.",,,,,,,,,,,,Frameworks & Runtimes,Harnesses / Platform Specific / macOS,,,,,,,,,,,,,,,,,,,,,,,,
osgrep,,https://github.com/Ryandonofrio3/osgrep,logos/3003d27ec3c45d5f114ae661dd63139ecb480109dd7d486c2174a7d34a54af23.svg,,,,,,,,,Embedding-based search engines and libraries that match queries by meaning rather than keywords.,,,,,,,,,,,,"Context, Memory & Data",Data / Semantic Search,,,,,,,,,,,,,,,,,,,,,,,,
OSWorld,,https://github.com/xlang-ai/OSWorld,logos/eeea9e5d847d80b0d8354c75d945384b1b60bd0f01cbf58c3609634662d42cb2.svg,,,,,,,,,Standardized task suites and datasets used to score agent or LLM capability under controlled conditions.,,,,,,,,,,,,Observability & Evals,Benchmarks,,,,,,,,,,,,,,,,,,,,,,,,
Outlines,,https://github.com/dottxt-ai/outlines,logos/99741b80e03124d961f88517374164900db4143adc21fcb9c890db4b7021ef3f.svg,,,,,,,,,"Libraries that constrain LLM decoding to a grammar, regex, or schema at token level.",,,,,,,,,,,,Dev Tools & Skills,Prompts / Structured Output / Constrained Decoding Libraries,,,,,,,,,,,,,,,,,,,,,,,,
Packmind,,https://github.com/PackmindHub/packmind,logos/26821b24e90e4ed6d3224d896577f7f14f7e2e39256d8e104f930e01bbe8e878.svg,,,,,,,,,DSLs and libraries for declaring multi-step prompt workflows and procedures.,,,,,,,,,,,,Dev Tools & Skills,Prompts / Workflow Definition,,,,,,,,,,,,,,,,,,,,,,,,
Paper2Agent,,https://github.com/jmiao24/Paper2Agent,logos/ae7936529895e72aeee4ed976c4293f09bf12be016a90903b8459347aa75672e.svg,,,,,,,,,"Declarative, staged data/agent pipelines — DAG-style flows that transform inputs into agent-driven outputs.",,,,,,,,,,,,Frameworks & Runtimes,Pipelines,,,,,,,,,,,,,,,,,,,,,,,,
Parlant,,https://github.com/emcie-co/parlant,logos/09ebe90666e2bf8e46ef864d3d1dbbe541af3d29e5b89044527100621ccd9bdd.svg,,,,,,,,,Frameworks for constraining and steering the conversational behavior of LLM agents via prompt rules.,,,,,,,,,,,,Dev Tools & Skills,Prompts / Conversational Control,,,,,,,,,,,,,,,,,,,,,,,,
Patronus AI,,https://www.patronus.ai/,logos/7a4307878a3c13122938a8847cc686adc740e1db447c60837962146163b4148e.svg,,,,,,,,,Frameworks that use an LLM to grade outputs of another LLM or agent against rubrics or reference answers.,,,,,,,,,,,,Observability & Evals,Evals and Experiment Tracking / LLM-as-Judge Frameworks,,,,,,,,,,,,,,,,,,,,,,,,
Pentagi,,https://github.com/vxcontrol/pentagi,logos/d9072dace382057de8a4cba4cf3f30b96557001df5e1393bb626d7d2609cba49.svg,,,,,,,,,Agents purpose-built to perform offensive security and penetration testing tasks.,,,,,,,,,,,,Agents,Purpose Specific / Penetration Testing,,,,,,,,,,,,,,,,,,,,,,,,
Pica,,https://www.picaos.com/,logos/b1bb7008b5483d8a42b269f74e898c7ecab09ac4bda3afe64c51f0da25dac957.svg,,,,,,,,,"Hosted proxies that handle OAuth, credentials, and tool invocation on behalf of agents across many SaaS APIs.",,,,,,,,,,,,Tools & Integrations,Actions / Authenticated Tool Proxies,,,,,,,,,,,,,,,,,,,,,,,,
Pipecat,,https://github.com/pipecat-ai/pipecat,logos/e7f3f0f08c9139a4f2a007b9929f8a87a2ad2585a58c47f49d6b5050d3444358.svg,,,,,,,,,"Frameworks wiring STT, LLM, and TTS into low-latency duplex pipelines for conversational voice agents.",,,,,,,,,,,,Frameworks & Runtimes,Frameworks / Voice / Realtime Voice Pipelines,,,,,,,,,,,,,,,,,,,,,,,,
Plurals,,https://github.com/josh-ashkinaze/plurals,logos/d252064d50973377dba130f7960fc30498c3410dfe61279e301195ca33702cba.svg,,,,,,,,,Orchestrating multiple LLM personas to surface a synthesised range of viewpoints on a question.,,,,,,,,,,,,Agents,Synthesised Perspectives,,,,,,,,,,,,,,,,,,,,,,,,
Privy Server Wallets,,https://www.privy.io/,logos/17bc7802de85f0840cb159ea855717c8a36ce70d9fad12d21d8f00b05f769fc8.svg,,,,,,,,,"Wallet infrastructure giving agents custody, signing, and balance management for on-chain or fiat funds.",,,,,,,,,,,,Tools & Integrations,Actions / Financial Tools / Agent Wallets,,,,,,,,,,,,,,,,,,,,,,,,
Promptfoo,,https://github.com/promptfoo/promptfoo,logos/2a5da829ddb34a934d9b6bea76abef73d80b35d220cfff8eb082249393cffabb.svg,,,,,,,,,Frameworks that use an LLM to grade outputs of another LLM or agent against rubrics or reference answers.,,,,,,,,,,,,Observability & Evals,Evals and Experiment Tracking / LLM-as-Judge Frameworks,,,,,,,,,,,,,,,,,,,,,,,,
Promptfoo Redteam,,https://www.promptfoo.dev/docs/red-team/,logos/01cef52531e81e144f57e1de73255a1d7df6c2355abc848680ba46dc62c3fb11.svg,,,,,,,,,Scanners and test harnesses specifically targeting prompt injection and LLM jailbreak vulnerabilities.,,,,,,,,,,,,Safety & Governance,Security / Red Team / Prompt Injection Scanners,,,,,,,,,,,,,,,,,,,,,,,,
PromptX,,https://github.com/Deepractice/PromptX,logos/78f6f9a209accc783365191dc5e015cf874eb77e3a28d98cb60e8e1a8159e1db.svg,,,,,,,,,"Tooling for assembling, shaping, and optimising the context window sent to LLMs.",,,,,,,,,,,,"Context, Memory & Data",Context,,,,,,,,,,,,,,,,,,,,,,,,
PulseMCP,,https://www.pulsemcp.com/,logos/c0b5f03bfd03a8826c384349985c43181ba3c9f7509b6cce1808981746257e37.svg,,,,,,,,,"Registries and marketplaces for discovering, publishing, and installing MCP servers.",,,,,,,,,,,,Tools & Integrations,MCP / Registries & Marketplaces,,,,,,,,,,,,,,,,,,,,,,,,
PyRIT,,https://github.com/Azure/PyRIT,logos/3d099fc4219adab41097c9531ed290da7cab3eff5d04f7e533ad957e160fa88a.svg,,,,,,,,,Scanners and test harnesses specifically targeting prompt injection and LLM jailbreak vulnerabilities.,,,,,,,,,,,,Safety & Governance,Security / Red Team / Prompt Injection Scanners,,,,,,,,,,,,,,,,,,,,,,,,
Qdrant,,https://github.com/qdrant/qdrant,logos/7bda8e8c881e302f0792ec6d75be9b821acd8795fd36ff556c030c6a4f3b11dc.svg,,,,,,,,,"Purpose-built stores for embeddings supporting ANN search, filtering, and hybrid retrieval.",,,,,,,,,,,,"Context, Memory & Data",Data / Vector Databases,,,,,,,,,,,,,,,,,,,,,,,,
Qwen Code,,https://github.com/QwenLM/qwen-code,logos/7dc622047e019da43423b52d919ba801e1a130de06ca4c0306ee6803b75f9d70.svg,,,,,,,,,First-party agent CLIs and toolkits shipped by model vendors.,,,,,,,,,,,,Agents,CLIs/Toolkits / Vendor,,,,,,,,,,,,,,,,,,,,,,,,
RagaAI Catalyst,,https://github.com/raga-ai-hub/RagaAI-Catalyst,logos/7d51825a07bbc961555dd8f3136c8bf70168ae796dcb951fef8533261af80d54.svg,,,,,,,,,"Telemetry, evaluation, and operational monitoring for LLM and agent systems across their lifecycle.",,,,,,,,,,,,Observability & Evals,General,,,,,,,,,,,,,,,,,,,,,,,,
RAGFlow,,https://github.com/infiniflow/ragflow,logos/478dd31ba3ce73b293c905b4d3cfb47b56eb14638b892adc298457867c37b181.svg,,,,,,,,,"End-to-end RAG engines that bundle parsing, indexing, retrieval, and generation into a single runnable service.",,,,,,,,,,,,"Context, Memory & Data",Data / RAG / Engines,,,,,,,,,,,,,,,,,,,,,,,,
Ralph,,https://github.com/snarktank/ralph,logos/24d34b219cb49d990c3b5c81e8a355b21b5b630313738aaf372a7594c3984f5d.svg,,,,,,,,,Minimal agent loop patterns — tight read-think-act cycles exposed as the primary abstraction rather than a full framework.,,,,,,,,,,,,Frameworks & Runtimes,Loops,,,,,,,,,,,,,,,,,,,,,,,,
react-grab,,https://github.com/aidenybai/react-grab,logos/709ad3c64abcb0d12147eacf6e047ac4776c3a5826a75c79cf7ab0ed471fcda0.svg,,,,,,,,,"Frontend capture tools that grab UI, DOM, or screen state as context for agents.",,,,,,,,,,,,"Context, Memory & Data",Context / Frontend Tools,,,,,,,,,,,,,,,,,,,,,,,,
RelayPlane Proxy,,https://github.com/RelayPlane/proxy,logos/c5baa071c6d4f2097c271f62e65ed56e1761d2774b0bb130cf563d3582107f66.svg,,,,,,,,,Routers whose primary objective is minimising spend by dispatching to the cheapest adequate model or provider.,,,,,,,,,,,,Models & Inference,Inference / Routers / Cost Optimisation,,,,,,,,,,,,,,,,,,,,,,,,
Riza,,https://riza.io/,logos/7b502858115b149344720751ae1cc7d5370162d5b89c56469c7c59cb1ff7fadf.svg,,,,,,,,,Sandboxes purpose-built for running LLM-generated code with fast startup and per-session isolation.,,,,,,,,,,,,Frameworks & Runtimes,Runtimes / Sandboxes / Code Execution Sandboxes,,,,,,,,,,,,,,,,,,,,,,,,
RLinf,,https://github.com/RLinf/RLinf,logos/3a723a4ac4f8b9f69f21ebe909552baf8ad2f22edca265fbab5733af39511f86.svg,,,,,,,,,"RL frameworks, algorithms, and environments used to train or post-train agentic models.",,,,,,,,,,,,Models & Inference,Models / Reinforcement Learning,,,,,,,,,,,,,,,,,,,,,,,,
Rogue,,https://github.com/qualifire-dev/rogue,logos/fd6acc774689827f1c0efcb8e32b4ec5ee1168bffce43096f07bf3521139fa11.svg,,,,,,,,,"Offensive security tooling for probing agents and LLMs for vulnerabilities, jailbreaks, and unsafe behaviors.",,,,,,,,,,,,Safety & Governance,Security / Red Team,,,,,,,,,,,,,,,,,,,,,,,,
Roo-Code,,https://github.com/RooCodeInc/Roo-Code,logos/142357cc450f264463963c7a5f06985f131ea8ff1a5e1b3f0685c4de25bb0925.svg,,,,,,,,,IDE and editor extensions that embed LLM coding assistance directly into the developer's editor.,,,,,,,,,,,,Dev Tools & Skills,Dev Tools / IDE Integrations,,,,,,,,,,,,,,,,,,,,,,,,
Self-Operating Computer,,https://github.com/OthersideAI/self-operating-computer,logos/5e48d66216fabf2e371d22c5e4484ba75338d08711797bc414f0f706285b7c93.svg,,,,,,,,,Harnesses that run computer-use agents locally on the user's own machine.,,,,,,,,,,,,Agents,Computer Use / Local Computer-Use Harnesses,,,,,,,,,,,,,,,,,,,,,,,,
Semantic Router,,https://github.com/vllm-project/semantic-router,logos/a85775381f2680fc75ca21a35408a6b60a4e2ba7763e614748affa1a33ab677c.svg,,,,,,,,,Capability-aware routers that classify prompts and dispatch to the best-suited model.,,,,,,,,,,,,Models & Inference,Inference / Routers / Intelligent,,,,,,,,,,,,,,,,,,,,,,,,
Serper,,https://serper.dev/,logos/fd1f98eda19db05f538be2bfff97b028930be5af6d93a94e0d05f356e9e470a6.svg,,,,,,,,,"Web search APIs purpose-built as agent tool calls, returning LLM-friendly results rather than SERP HTML.",,,,,,,,,,,,Tools & Integrations,Actions / Web Search APIs for Agents,,,,,,,,,,,,,,,,,,,,,,,,
Shannon,,https://github.com/Kocoro-lab/Shannon,logos/2e32a73cfa2da408c4741557f85664fbc2377e64d1921a1bf311ba316d25a820.svg,,,,,,,,,"Coordination layers that route tasks across multiple agents, models, or workers — the conductor rather than the individual performer.",,,,,,,,,,,,Frameworks & Runtimes,Orchestration,,,,,,,,,,,,,,,,,,,,,,,,
Shellfirm,,https://github.com/kaplanelad/shellfirm,logos/3c035838c239b9b3f1a730004a5972959bdcf5cc33360a8f0e03c765725f0cc4.svg,,,,,,,,,"Runtime filters and policy checks that constrain agent inputs, outputs, or actions against defined rules.",,,,,,,,,,,,Safety & Governance,Guardrails,,,,,,,,,,,,,,,,,,,,,,,,
Skyfire,,https://skyfire.xyz/,logos/50f509c864f674c654d5dbc7755d21d5f6bca16ad50a92a68441108a3f227e73.svg,,,,,,,,,"Payment rails and protocols that let agents pay for services, APIs, or other agents programmatically.",,,,,,,,,,,,Tools & Integrations,Actions / Financial Tools / Agent Payment Rails,,,,,,,,,,,,,,,,,,,,,,,,
SkyRL,,https://github.com/NovaSky-AI/SkyRL,logos/be5cde572c6ed36eb45e1adf74dcc7aad99686fe65b65f8c5ab0529c249b1181.svg,,,,,,,,,Environment suites and harnesses for training and evaluating agents via reinforcement learning.,,,,,,,,,,,,Models & Inference,Models / Reinforcement Learning / Agent RL Environments,,,,,,,,,,,,,,,,,,,,,,,,
Smithery,,https://smithery.ai/,logos/425b88405d1f9849fd96dfc75cdfe6a499f0c68944f8a99345c9a136cd206642.svg,,,,,,,,,"Registries and marketplaces for discovering, publishing, and installing MCP servers.",,,,,,,,,,,,Tools & Integrations,MCP / Registries & Marketplaces,,,,,,,,,,,,,,,,,,,,,,,,
Snowglobe,,https://github.com/IQTLabs/snowglobe,logos/6c8c149cc1515791c6bd8369f28bc5e240326539dfdc22330210a4dc1a82ee17.svg,,,,,,,,,"Agent simulations of geopolitical actors, wargames, and international scenarios.",,,,,,,,,,,,Agents,Simulations & Worlds / Geopolitical Simulation,,,,,,,,,,,,,,,,,,,,,,,,
Snowglobe,,https://www.snowglobe.so/,logos/6c8c149cc1515791c6bd8369f28bc5e240326539dfdc22330210a4dc1a82ee17.svg,,,,,,,,,Tools that generate simulated users to exercise agents in multi-turn conversational or task scenarios.,,,,,,,,,,,,Observability & Evals,Evals and Experiment Tracking / Synthetic User Simulation,,,,,,,,,,,,,,,,,,,,,,,,
Squad,,https://github.com/bradygaster/squad,logos/e387f17067674eaa87edd94da47ce09d4d4268c6d6a25b657c408c2d8280033d.svg,,,,,,,,,"Tools that assemble agent teams by selecting roles, skills, and configurations for a given goal.",,,,,,,,,,,,Agents,Team Formation,,,,,,,,,,,,,,,,,,,,,,,,
Stagehand,,https://github.com/browserbase/stagehand,logos/164a31dbf4c2efe2ddf207d48a356a28d447d1192f13a89abdf7c1d8a0070bd2.svg,,,,,,,,,"Libraries and helpers layered on browser automation stacks to make them agent-friendly (DOM extraction, action planning).",,,,,,,,,,,,Tools & Integrations,Actions / Browser Tooling,,,,,,,,,,,,,,,,,,,,,,,,
Steel Browser,,https://github.com/steel-dev/steel-browser,logos/bc1c433895c8c4b2d195ab67831d884383b2c2df6925652ce642bc20afe07d4c.svg,,,,,,,,,"Headless browsers designed for AI agents — no UI, optimized for programmatic navigation and scraping.",,,,,,,,,,,,Tools & Integrations,Actions / AI Browsers / Headless,,,,,,,,,,,,,,,,,,,,,,,,
Superdesign,,https://github.com/superdesigndev/superdesign,logos/f59a8309ffed074afb1c8656759798c02822775a767e9d527f0f20f3742e92cb.svg,,,,,,,,,Agents specialised for product and UI/UX design workflows.,,,,,,,,,,,,Agents,Task Specific / Product Design,,,,,,,,,,,,,,,,,,,,,,,,
SWE-agent,,https://github.com/princeton-nlp/SWE-agent,logos/6956c191706c455a8dbeaa877b8c23fe5f87fd744a1541408f443b9247fe637d.svg,,,,,,,,,"Autonomous software-engineering harnesses that drive an LLM through multi-step code edits, runs, and tests.",,,,,,,,,,,,Dev Tools & Skills,Dev Tools / Coding Agent SWE Harnesses,,,,,,,,,,,,,,,,,,,,,,,,
SWE-bench,,https://github.com/princeton-nlp/SWE-bench,logos/bc1c433895c8c4b2d195ab67831d884383b2c2df6925652ce642bc20afe07d4c.svg,,,,,,,,,"Benchmarks grading agents on code tasks — bug fixing, PR resolution, terminal workflows, freelance-style tickets.",,,,,,,,,,,,Observability & Evals,Benchmarks / Software Engineering Benchmarks,,,,,,,,,,,,,,,,,,,,,,,,
SWE-Lancer,,https://github.com/openai/SWELancer-Benchmark,logos/a98e1e2893f761cb76c31214aa3e56ca15daff9c78d3a81635174f5144597839.svg,,,,,,,,,"Benchmarks grading agents on code tasks — bug fixing, PR resolution, terminal workflows, freelance-style tickets.",,,,,,,,,,,,Observability & Evals,Benchmarks / Software Engineering Benchmarks,,,,,,,,,,,,,,,,,,,,,,,,
Taste Skill,,https://github.com/Leonxlnx/taste-skill,logos/3b3da82a1d49c6ec9f76fe321c6d577e06c64724a88545da54eb5de60f2a9d1f.svg,,,,,,,,,Instructional skills that teach an agent how to do a task rather than expose code.,,,,,,,,,,,,Dev Tools & Skills,Skills / Guides,,,,,,,,,,,,,,,,,,,,,,,,
Tau-bench,,https://github.com/sierra-research/tau-bench,logos/908ee205f40e14fa619246a01f9226ddd770d63dd5bc582ecf46a4b859e2d2f8.svg,,,,,,,,,Tools that generate simulated users to exercise agents in multi-turn conversational or task scenarios.,,,,,,,,,,,,Observability & Evals,Evals and Experiment Tracking / Synthetic User Simulation,,,,,,,,,,,,,,,,,,,,,,,,
Tavily,,https://tavily.com/,logos/f185b9bb9aece9ee2c205ea597de069b867efb5534f75e16575c9f055639898e.svg,,,,,,,,,"Web search APIs purpose-built as agent tool calls, returning LLM-friendly results rather than SERP HTML.",,,,,,,,,,,,Tools & Integrations,Actions / Web Search APIs for Agents,,,,,,,,,,,,,,,,,,,,,,,,
TEN Framework,,https://github.com/TEN-framework/ten-framework,logos/b8f99cdf9e0f677c871ed9992ca713775fb7dc5977a9847df3ffa15b95d99336.svg,,,,,,,,,"Voice-first agent frameworks — libraries built around realtime speech I/O, turn-taking, and telephony-style interaction.",,,,,,,,,,,,Frameworks & Runtimes,Frameworks / Voice,,,,,,,,,,,,,,,,,,,,,,,,
TensorZero,,https://github.com/tensorzero/tensorzero,logos/a5eb6838148193cffa8027b5a42c9a8c1b49444c1d760730c79386f5fbdff74a.svg,,,,,,,,,"Gateways that enforce typed, schema-valid outputs from LLMs via constrained decoding, grammars, or retry loops.",,,,,,,,,,,,Models & Inference,Inference / Structured Output Gateways,,,,,,,,,,,,,,,,,,,,,,,,
Terminal-Bench,,https://github.com/laude-institute/terminal-bench,logos/d3c12fac230810bc35fada607cf35b22f8ccf8c624921616f19d7e61b6673418.svg,,,,,,,,,"Benchmarks grading agents on code tasks — bug fixing, PR resolution, terminal workflows, freelance-style tickets.",,,,,,,,,,,,Observability & Evals,Benchmarks / Software Engineering Benchmarks,,,,,,,,,,,,,,,,,,,,,,,,
TextGrad,,https://github.com/zou-group/textgrad,logos/ffa5915f5c5c03be304edc94c1ef810f14eec9f8d4b73b1d920d812cc837f1e8.svg,,,,,,,,,"Frameworks that automatically tune, rewrite, or compile prompts from higher-level program specifications.",,,,,,,,,,,,Dev Tools & Skills,Prompts / Prompt Optimisation & Compilation,,,,,,,,,,,,,,,,,,,,,,,,
Together Fine-tuning,,https://www.together.ai/products/fine-tuning,logos/a4d4ce3e0c430293beafbdce279e75bb8a8dd10630e3dc580a9f573e8c00e5e5.svg,,,,,,,,,Fine-tuning services and pipelines specialised in teaching models to call tools and APIs correctly.,,,,,,,,,,,,Models & Inference,Models / Trainers / Tool-Use Fine-Tuning,,,,,,,,,,,,,,,,,,,,,,,,
TOON,,https://github.com/toon-format/toon,logos/86abdef43892cc315fe1e9c8438969d6b282a282c8614cc397d68af1a8ddcdd0.svg,,,,,,,,,Encoding schemes and token-efficient formats for representing data inside prompts.,,,,,,,,,,,,Dev Tools & Skills,Prompts / Formatting,,,,,,,,,,,,,,,,,,,,,,,,
Tracecat,,https://github.com/TracecatHQ/tracecat,logos/0645344d077285c78c282ecf7b9d919775d477a11f8a34b74b2966e739f8ae0f.svg,,,,,,,,,Security automation and SOAR-style platforms adapted for agent workflows and incident response.,,,,,,,,,,,,Safety & Governance,Security / Automation,,,,,,,,,,,,,,,,,,,,,,,,
TruLens,,https://github.com/truera/trulens,logos/818d97b34715753e857efc9cf129d46b34f8c8342a0d6e2b3575adc64883b53f.svg,,,,,,,,,"Frameworks and services for running evals, tracing agent runs, and tracking experiments across model/prompt versions.",,,,,,,,,,,,Observability & Evals,Evals and Experiment Tracking,,,,,,,,,,,,,,,,,,,,,,,,
uAgents,,https://github.com/fetchai/uAgents,logos/bc58c2f71838a597946a0d8e8fd877ee8f3b28c7ac7828e36d0dd8a51e2e74a3.svg,,,,,,,,,Programming-model libraries and SDKs for building agents — the code-facing abstractions developers import to define agent behavior.,,,,,,,,,,,,Frameworks & Runtimes,Frameworks,,,,,,,,,,,,,,,,,,,,,,,,
UI-Venus,,https://github.com/inclusionAI/UI-Venus,logos/ae1d3acfe1b0c2b0f5b29333a9508f5ffbc56ba72fa3a751f1e348306e257b42.svg,,,,,,,,,Vision-based computer-use agents that interact with GUIs through screenshots and pixel-level grounding.,,,,,,,,,,,,Tools & Integrations,Actions / Computer Use / Vision UI,,,,,,,,,,,,,,,,,,,,,,,,
Unreal Engine MCP,,https://github.com/flopperam/unreal-engine-mcp,logos/ed21de6d6ad0696503b70872e201c6c51d1f4c63bc0b61fcfa538cfe9a339182.svg,,,,,,,,,MCP servers exposing world-generation engines (e.g. Unreal) as tools for agents.,,,,,,,,,,,,Agents,Simulations & Worlds / World Generation / MCP,,,,,,,,,,,,,,,,,,,,,,,,
Unstructured,,https://github.com/Unstructured-IO/unstructured,logos/90b12e73412c0a66d1d819801543e5b08778d106d12570462ef3bb6e8aae933b.svg,,,,,,,,,"Parsers that convert PDFs, Office files, and HTML into LLM-ready structured text and markdown.",,,,,,,,,,,,"Context, Memory & Data",Data / RAG / Document Parsing for LLMs,,,,,,,,,,,,,,,,,,,,,,,,
usecomputer,,https://github.com/remorses/usecomputer,logos/b660f04824c18ff71f45b138680c6885bf2a5ce357017d9f1300aaa7d91742c9.svg,,,,,,,,,Computer-use agents that drive the machine via CLI/shell rather than GUI interactions.,,,,,,,,,,,,Tools & Integrations,Actions / Computer Use / CLI,,,,,,,,,,,,,,,,,,,,,,,,
Vapi,,https://vapi.ai/,logos/a29f9c4c023d0e13c432a7b07f2db9b345cc49f650190da2a17868cb2770ade5.svg,,,,,,,,,"Frameworks wiring STT, LLM, and TTS into low-latency duplex pipelines for conversational voice agents.",,,,,,,,,,,,Frameworks & Runtimes,Frameworks / Voice / Realtime Voice Pipelines,,,,,,,,,,,,,,,,,,,,,,,,
Vercel AI SDK,,https://github.com/vercel/ai,logos/928c73171f0df7bdeb810c1d2e6830442109496313c63d4fa0743f8e2a587513.svg,,,,,,,,,Programming-model libraries and SDKs for building agents — the code-facing abstractions developers import to define agent behavior.,,,,,,,,,,,,Frameworks & Runtimes,Frameworks,,,,,,,,,,,,,,,,,,,,,,,,
Vercel Skills,,https://github.com/vercel-labs/skills,logos/5f3689ecfde6e29db67b37a21fef3151aaad764e1c75ac19f03bf3ecdfa19a50.svg,,,,,,,,,Hosted libraries of reusable agent skills exposed as installable packages.,,,,,,,,,,,,Dev Tools & Skills,Skills / Package Library,,,,,,,,,,,,,,,,,,,,,,,,
Verifiers,,https://github.com/willccbb/verifiers,logos/9e84a5f2f2c7365146168e31896ed19dd7f9aebceb9834792632aa5e118244a7.svg,,,,,,,,,Environment suites and harnesses for training and evaluating agents via reinforcement learning.,,,,,,,,,,,,Models & Inference,Models / Reinforcement Learning / Agent RL Environments,,,,,,,,,,,,,,,,,,,,,,,,
Vibium,,https://github.com/VibiumDev/vibium,logos/e6b0222a553d8e66d960e18460d827be9957fc3020ca9dec007933a9635650ec.svg,,,,,,,,,Programmatic browser control stacks aimed at agent-driven automation and scraping workflows.,,,,,,,,,,,,Tools & Integrations,Actions / Browser Automation,,,,,,,,,,,,,,,,,,,,,,,,
VideoSDK Agents,,https://github.com/videosdk-live/agents,logos/d6673b2de3419bf41729da58bf958e7d8065f2ec5caad36c50503672e5c49177.svg,,,,,,,,,"Frameworks for agents that natively handle multiple modalities — video, audio, and vision alongside text.",,,,,,,,,,,,Frameworks & Runtimes,Frameworks / Multimodal,,,,,,,,,,,,,,,,,,,,,,,,
Vision Agents,,https://github.com/GetStream/Vision-Agents,logos/a29f9c4c023d0e13c432a7b07f2db9b345cc49f650190da2a17868cb2770ade5.svg,,,,,,,,,"Agents whose primary input is live visual streams — camera, video, or screen — for perception and action.",,,,,,,,,,,,Agents,Vision,,,,,,,,,,,,,,,,,,,,,,,,
VisualWebArena,,https://github.com/web-arena-x/visualwebarena,logos/0443599aef7db4100e100824b468e08c1811ad1ecd243acbca22dd63108e8045.svg,,,,,,,,,Benchmarks that evaluate agents on browser and web navigation tasks in realistic or simulated sites.,,,,,,,,,,,,Observability & Evals,Benchmarks / Web Agent Benchmarks,,,,,,,,,,,,,,,,,,,,,,,,
vLLora,,https://github.com/vllora/vllora,logos/289decfd495fd92c288069de1fc822cedeff1916fd68727efdcb116d77a8cf65.svg,,,,,,,,,"LLM-assisted debugging tools that help diagnose failing runs, logs, or models.",,,,,,,,,,,,Dev Tools & Skills,Dev Tools / Debugging,,,,,,,,,,,,,,,,,,,,,,,,
Vocode,,https://github.com/vocodedev/vocode-python,logos/dfc78a72d2f4275955fe5487f6cec10012ec00bcf072072dbee8397f314c38f3.svg,,,,,,,,,"Frameworks wiring STT, LLM, and TTS into low-latency duplex pipelines for conversational voice agents.",,,,,,,,,,,,Frameworks & Runtimes,Frameworks / Voice / Realtime Voice Pipelines,,,,,,,,,,,,,,,,,,,,,,,,
VoltAgent,,https://github.com/VoltAgent/voltagent,logos/57cced43211f6879a3ab3a927cb8f0802a0d9beee0dcfee35afc43d02a4b1aed.svg,,,,,,,,,Engineering-team-oriented platforms for building and operating agents as software systems.,,,,,,,,,,,,Builders & Platforms,Engineering Platforms,,,,,,,,,,,,,,,,,,,,,,,,
WargamesAI,,https://github.com/user1342/WargamesAI,logos/6dc85db8962b39d5fefc56875fee2bd591614da76bd8a72967343bcb73e11fa9.svg,,,,,,,,,"Agent simulations of geopolitical actors, wargames, and international scenarios.",,,,,,,,,,,,Agents,Simulations & Worlds / Geopolitical Simulation,,,,,,,,,,,,,,,,,,,,,,,,
WebArena,,https://github.com/web-arena-x/webarena,logos/af26939103aee21a09f1a2a02cd3be7f423d8f645a1070550776043f0db2d1a9.svg,,,,,,,,,Benchmarks that evaluate agents on browser and web navigation tasks in realistic or simulated sites.,,,,,,,,,,,,Observability & Evals,Benchmarks / Web Agent Benchmarks,,,,,,,,,,,,,,,,,,,,,,,,
WebMCP,,https://webmcp.dev/,logos/0d5c2212344b58ffb37c693b09d0d5065a2b500fd3e7368c006620869440ab85.svg,,,,,,,,,Emerging agent standards implemented inside a specific ecosystem or product rather than a neutral body.,,,,,,,,,,,,Tools & Integrations,Standards / Emerging (Ecosystem-Tied),,,,,,,,,,,,,,,,,,,,,,,,
WebMCP (Chrome EPP),,https://developer.chrome.com/blog/webmcp-epp,logos/7645c1f934028c70cc9bd4e1a460f119b01b8df5d3d29a4e886029e576ae965e.svg,,,,,,,,,Emerging agent standards implemented inside a specific ecosystem or product rather than a neutral body.,,,,,,,,,,,,Tools & Integrations,Standards / Emerging (Ecosystem-Tied),,,,,,,,,,,,,,,,,,,,,,,,
WeKnora,,https://github.com/Tencent/WeKnora,logos/8a8c2c8b26d1e28528572642b13176f0c1a2074507986ba09c5f885b42f6b798.svg,,,,,,,,,"Tooling for assembling, shaping, and optimising the context window sent to LLMs.",,,,,,,,,,,,"Context, Memory & Data",Context,,,,,,,,,,,,,,,,,,,,,,,,
x402,,https://github.com/coinbase/x402,logos/fa6aecbeb74d24daf50b1cf265a7c170d8e3ed4b14230b8ca3f9f93d42a3875a.svg,,,,,,,,,"Payment rails and protocols that let agents pay for services, APIs, or other agents programmatically.",,,,,,,,,,,,Tools & Integrations,Actions / Financial Tools / Agent Payment Rails,,,,,,,,,,,,,,,,,,,,,,,,
Xata Agent,,https://github.com/xataio/agent,logos/98b53a310c84beebc98cf34bc2ec9c0fb330c775e018403f43ce46a9a8159edf.svg,,,,,,,,,"Agent runtimes, frameworks, harnesses, and surfaces that define, host, or coordinate individual and multi-agent systems.",,,,,,,,,,,,Agents,General,,,,,,,,,,,,,,,,,,,,,,,,
XGrammar,,https://github.com/mlc-ai/xgrammar,logos/e9a4a3b62e2f0aeb63c7062ee364c5ae3915eda841ca945f7f40765114977b9b.svg,,,,,,,,,"Libraries that constrain LLM decoding to a grammar, regex, or schema at token level.",,,,,,,,,,,,Dev Tools & Skills,Prompts / Structured Output / Constrained Decoding Libraries,,,,,,,,,,,,,,,,,,,,,,,,
Zep,,https://github.com/getzep/zep,logos/22f9e88d9cfdc3dcae3cf28567c42fcdb70e74d1c982015c91dcaf3d87839d0a.svg,,,,,,,,,Hosted memory backends exposing add/search/forget APIs so agents can outsource long-term recall.,,,,,,,,,,,,"Context, Memory & Data",Memory / Memory-as-a-Service,,,,,,,,,,,,,,,,,,,,,,,,
Zep Temporal KG,,https://github.com/getzep/zep,logos/c700f0e9b8366a4b9ddf919c5a87e6fe5844b113bc29d719ac78b9948e2727d4.svg,,,,,,,,,Time-aware memory stores that record events and their temporal relations for agent recall.,,,,,,,,,,,,"Context, Memory & Data",Memory / Episodic / Temporal Memory,,,,,,,,,,,,,,,,,,,,,,,,
